Group ID,Group Name,Main Category,Sub-Category,SKU,Legacy SKU,Variant Label,Condition,Skin,Bone,Fat,Origin,Supplier,Supplier Price ($),Markup (%),WeDoHalal Retail Price ($),Retail Price per,Retail Min Order (lb/pk),Wholesale Price ($) - DRAFT,Wholesale Price per,Price Basis / Note,Prior Draft (per kg),Min Order Qty,Min Order Unit,Available Work / Cut Options,Weight (lbs),Weight (kg),Stock Status,Stock Count,Image URL,Sub 1 (SKU),Sub 2 (SKU),Sub 3 (SKU),Data Flags
1,Chicken Whole,Meat,Chicken,1-01,1.0,"Fresh, With Skin, With Bone, Medium, Karim Meats",Fresh,With Skin,With Bone,Medium,,Karim Meats,4.49,10.0,4.94,per lb,3.0,10.89,per kg,retail per-lb price converted to per-kg (x 2.20462),,20.0,kg,"Whole / do not cut, Cut to small pieces, Cut to large pieces, Remove skin, Debone (remove bone), Trim excess fat, Other (please specify below)",1.0,0.454,instock,1.0,https://images.wedohalal.com/products/Whole-Chicken-With-Skin-1.webp,28-04,19-01,2-02,
1,Chicken Whole,Meat,Chicken,1-02,2.0,"Fresh, With Skin, With Bone, Medium, Karim Meats",Fresh,With Skin,With Bone,Medium,,Karim Meats,4.99,10.0,5.49,per lb,3.0,12.1,per kg,retail per-lb price converted to per-kg (x 2.20462),,20.0,kg,"Whole / do not cut, Cut to small pieces, Cut to large pieces, Remove skin, Debone (remove bone), Trim excess fat, Other (please specify below)",1.0,0.454,instock,1.0,https://images.wedohalal.com/products/Cut-Up-Whole-Chicken-2.webp,28-04,19-01,2-02,
1,Chicken Whole,Meat,Chicken,1-03,35.0,"Frozen, With Skin, With Bone, Medium, Karim Meats",Frozen,With Skin,With Bone,Medium,,Karim Meats,3.99,10.0,4.39,per lb,2.0,9.68,per kg,retail per-lb price converted to per-kg (x 2.20462),,20.0,kg,"Whole / do not cut, Cut to small pieces, Cut to large pieces, Remove skin, Debone (remove bone), Trim excess fat, Other (please specify below)",1.0,0.454,instock,1.0,https://images.wedohalal.com/products/Whole-Cut-Up-Chicken-35.webp,28-04,19-01,2-03,
1,Chicken Whole,Meat,Chicken,1-04,91.0,"Frozen, With Skin, With Bone, Medium, Karim Meats",Frozen,With Skin,With Bone,Medium,,Karim Meats,7.99,10.0,8.79,per lb,1.0,19.38,per kg,retail per-lb price converted to per-kg (x 2.20462),,20.0,kg,"Whole / do not cut, Cut to small pieces, Cut to large pieces, Remove skin, Debone (remove bone), Trim excess fat, Other (please specify below)",1.0,0.454,instock,1.0,https://images.wedohalal.com/products/Hard-Chicken-(Whole)-91.webp,28-04,19-01,2-03,
1,Chicken Whole,Meat,Chicken,1-05,195.0,"Fresh, With Skin, With Bone, Medium, Westgate Halal",Fresh,With Skin,With Bone,Medium,,Westgate Halal,18.99,15.0,21.84,per pk,1.0,21.84,per pk,pack price carried across unchanged (item is sold by the pack),14.56,,pk,"Whole / do not cut, Cut to small pieces, Cut to large pieces, Remove skin, Debone (remove bone), Trim excess fat, Other (please specify below)",1.0,0.454,instock,1.0,https://images.wedohalal.com/products/Marinated-Whole-Chicken-Carry-N-Cook-195.webp,28-04,19-01,2-02,"MOQ left blank: pack weight unusable, set manually; whole bird listed at 1 lb, weight looks like a placeholder"
1,Chicken Whole,Meat,Chicken,1-06,527.0,"Fresh, With Skin, With Bone, High, Karim Meats",Fresh,With Skin,With Bone,High,,Karim Meats,6.99,10.0,7.69,per lb,1.0,16.95,per kg,retail per-lb price converted to per-kg (x 2.20462),,20.0,kg,"Whole / do not cut, Cut to small pieces, Cut to large pieces, Remove skin, Debone (remove bone), Trim excess fat, Other (please specify below)",1.0,0.454,instock,1.0,https://images.wedohalal.com/products/Baby-Chicken-527.webp,28-04,19-01,2-02,
1,Chicken Whole,Meat,Chicken,1-07,255.0,"Fresh, With Skin, With Bone, Medium, Westgate Halal",Fresh,With Skin,With Bone,Medium,,Westgate Halal,4.49,15.0,5.16,per lb,3.0,11.38,per kg,retail per-lb price converted to per-kg (x 2.20462),,20.0,kg,"Whole / do not cut, Cut to small pieces, Cut to large pieces, Remove skin, Debone (remove bone), Trim excess fat, Other (please specify below)",1.0,0.454,instock,1.0,https://images.wedohalal.com/products/Whole-Chicken-255.webp,28-04,19-01,2-02,
2,Chicken Leg & Thigh,Meat,Chicken,2-01,3.0,"Fresh, Skinless, With Bone, High, Karim Meats",Fresh,Skinless,With Bone,High,,Karim Meats,3.99,10.0,4.39,per lb,2.0,9.68,per kg,retail per-lb price converted to per-kg (x 2.20462),,10.0,kg,"Whole / do not cut, Cut to small pieces, Cut to large pieces, Remove skin, Debone (remove bone), Trim excess fat, Other (please specify below)",1.0,0.454,instock,1.0,https://images.wedohalal.com/products/Chicken-Legs-&-Thighs-without-skin-3.webp,28-02,1-06,29-01,
2,Chicken Leg & Thigh,Meat,Chicken,2-02,516.0,"Fresh, With Skin, With Bone, High, Karim Meats",Fresh,With Skin,With Bone,High,,Karim Meats,3.99,10.0,4.39,per lb,2.0,9.68,per kg,retail per-lb price converted to per-kg (x 2.20462),,10.0,kg,"Whole / do not cut, Cut to small pieces, Cut to large pieces, Remove skin, Debone (remove bone), Trim excess fat, Other (please specify below)",1.0,0.454,instock,1.0,https://images.wedohalal.com/products/Chicken-Legs-&-Thighs-with-skin-516.webp,28-04,1-06,29-01,
2,Chicken Leg & Thigh,Meat,Chicken,2-03,522.0,"Frozen, With Skin, With Bone, High, Karim Meats",Frozen,With Skin,With Bone,High,,Karim Meats,3.49,10.0,3.84,per lb,2.0,8.47,per kg,retail per-lb price converted to per-kg (x 2.20462),,10.0,kg,"Whole / do not cut, Cut to small pieces, Cut to large pieces, Remove skin, Debone (remove bone), Trim excess fat, Other (please specify below)",1.0,0.454,instock,1.0,https://images.wedohalal.com/products/Chicken-Legs-&-Thighs-with-skin-522.webp,28-04,1-03,29-01,
3,Chicken Liver,Meat,Chicken,3-01,4.0,"Fresh, Skinless, Boneless, Low, Karim Meats",Fresh,Skinless,Boneless,Low,,Karim Meats,7.99,10.0,8.79,per lb,1.0,19.38,per kg,retail per-lb price converted to per-kg (x 2.20462),,10.0,kg,"Whole / do not cut, Sliced, Other (please specify below)",1.0,0.454,instock,1.0,https://images.wedohalal.com/products/Chicken-Liver-4.webp,110-01,11-01,107-01,
4,Chicken Gizzard,Meat,Chicken,4-01,5.0,"Fresh, Skinless, Boneless, Low, Karim Meats",Fresh,Skinless,Boneless,Low,,Karim Meats,8.99,10.0,9.89,per lb,1.0,21.8,per kg,retail per-lb price converted to per-kg (x 2.20462),,10.0,kg,"Whole / do not cut, Sliced, Other (please specify below)",1.0,0.454,instock,1.0,https://images.wedohalal.com/products/Chicken-Gizzard-5.webp,73-01,339-01,115-01,
4,Chicken Gizzard,Meat,Chicken,4-02,33.0,"Frozen, Skinless, Boneless, Low, Karim Meats",Frozen,Skinless,Boneless,Low,,Karim Meats,7.99,10.0,8.79,per lb,1.0,19.38,per kg,retail per-lb price converted to per-kg (x 2.20462),,10.0,kg,"Whole / do not cut, Sliced, Other (please specify below)",1.0,0.454,instock,1.0,https://images.wedohalal.com/products/Chicken-Gizzard-33.webp,73-01,339-01,115-01,
4,Chicken Gizzard,Meat,Chicken,4-03,1022.0,"Fresh, Skinless, Boneless, Low, Westgate Halal",Fresh,Skinless,Boneless,Low,,Westgate Halal,5.99,15.0,6.89,per lb,1.0,15.19,per kg,retail per-lb price converted to per-kg (x 2.20462),,10.0,kg,"Whole / do not cut, Sliced, Other (please specify below)",1.0,0.454,instock,1.0,https://images.wedohalal.com/products/Chicken-Gizzard-1022.webp,73-01,339-01,115-01,
5,Goat Muscles,Meat,Goat,5-01,6.0,"Fresh, Skinless, With Bone, Medium, Karim Meats",Fresh,Skinless,With Bone,Medium,,Karim Meats,15.99,10.0,17.59,per lb,1.0,38.78,per kg,retail per-lb price converted to per-kg (x 2.20462),,5.0,kg,"Whole / do not cut, Cut to small pieces, Cut to large pieces, Debone (remove bone), Trim excess fat, Other (please specify below)",1.0,0.454,instock,1.0,https://images.wedohalal.com/products/Goat-Mix-Plate-(All-Muscles)-6.webp,117-01,345-01,13-01,
6,Goat Chops,Meat,Goat,6-01,7.0,"Fresh, Skinless, With Bone, Medium, Karim Meats",Fresh,Skinless,With Bone,Medium,,Karim Meats,16.99,10.0,18.69,per lb,1.0,41.2,per kg,retail per-lb price converted to per-kg (x 2.20462),,5.0,kg,"Whole / do not cut, Cut to small pieces, Cut to large pieces, Debone (remove bone), Trim excess fat, Other (please specify below)",1.0,0.454,instock,1.0,https://images.wedohalal.com/products/Goat-Chops-7.webp,84-01,20-01,13-01,
7,Goat Leg,Meat,Goat,7-01,8.0,"Fresh, Skinless, With Bone, Medium, Karim Meats",Fresh,Skinless,With Bone,Medium,,Karim Meats,17.99,10.0,19.79,per lb,1.0,43.63,per kg,retail per-lb price converted to per-kg (x 2.20462),,10.0,kg,"Whole / do not cut, Cut to small pieces, Cut to large pieces, Butterfly, Debone (remove bone), Trim excess fat, Other (please specify below)",1.0,0.454,instock,1.0,https://images.wedohalal.com/products/Goat-Leg-8.webp,45-04,342-01,20-01,
7,Goat Leg,Meat,Goat,7-02,436.0,"Frozen, Skinless, With Bone, Medium, New Zealand, Karim Meats",Frozen,Skinless,With Bone,Medium,New Zealand,Karim Meats,9.99,10.0,10.99,per lb,1.0,24.23,per kg,retail per-lb price converted to per-kg (x 2.20462),,10.0,kg,"Whole / do not cut, Cut to small pieces, Cut to large pieces, Butterfly, Debone (remove bone), Trim excess fat, Other (please specify below)",1.0,0.454,instock,1.0,https://images.wedohalal.com/products/Goat-Leg-New-Zealand-436.webp,45-01,342-01,20-01,
8,Goat Lungs,Meat,Goat,8-01,9.0,"Fresh, Skinless, Boneless, Low, Karim Meats",Fresh,Skinless,Boneless,Low,,Karim Meats,6.99,10.0,7.69,per lb,1.0,16.95,per kg,retail per-lb price converted to per-kg (x 2.20462),,5.0,kg,"Whole / do not cut, Cut to small pieces, Cut to large pieces, Other (please specify below)",1.0,0.454,instock,1.0,https://images.wedohalal.com/products/Goat-Lungs-9.webp,115-01,10-01,338-01,
9,Goat HeartKidney,Meat,Goat,9-01,10.0,"Fresh, Skinless, Boneless, Low, Karim Meats",Fresh,Skinless,Boneless,Low,,Karim Meats,8.99,10.0,9.89,per lb,1.0,21.8,per kg,retail per-lb price converted to per-kg (x 2.20462),,5.0,kg,"Whole / do not cut, Sliced, Other (please specify below)",1.0,0.454,instock,1.0,https://images.wedohalal.com/products/Goat-Heart-&-Kidney-10.webp,105-01,11-01,110-01,
10,Goat Testicles,Meat,Goat,10-01,11.0,"Fresh, Skinless, Boneless, Low, Karim Meats",Fresh,Skinless,Boneless,Low,,Karim Meats,5.99,10.0,6.59,per lb,1.0,14.53,per kg,retail per-lb price converted to per-kg (x 2.20462),,5.0,kg,"Whole / do not cut, Cut to small pieces, Cut to large pieces, Other (please specify below)",1.0,0.454,instock,1.0,https://images.wedohalal.com/products/Goat-Testicles-11.webp,338-01,8-01,115-01,
11,Goat Liver,Meat,Goat,11-01,12.0,"Fresh, Skinless, Boneless, Low, Karim Meats",Fresh,Skinless,Boneless,Low,,Karim Meats,10.99,10.0,12.09,per lb,1.0,26.65,per kg,retail per-lb price converted to per-kg (x 2.20462),,5.0,kg,"Whole / do not cut, Sliced, Other (please specify below)",1.0,0.454,instock,1.0,https://images.wedohalal.com/products/Goat-Liver-12.webp,110-01,9-01,20-01,
12,Goat Head,Meat,Goat,12-01,13.0,"Fresh, Skinless, With Bone, High, Karim Meats",Fresh,Skinless,With Bone,High,,Karim Meats,11.99,10.0,13.19,per lb,1.0,29.08,per kg,retail per-lb price converted to per-kg (x 2.20462),,5.0,kg,"Whole / do not cut, Cut to small pieces, Cut to large pieces, Remove skin, Debone (remove bone), Trim excess fat, Other (please specify below)",1.0,0.454,instock,1.0,https://images.wedohalal.com/products/Goat-Head-13.webp,52-02,71-02,10-01,
12,Goat Head,Meat,Goat,12-02,63.0,"Frozen, Skinless, With Bone, High, Karim Meats",Frozen,Skinless,With Bone,High,,Karim Meats,11.99,10.0,13.19,per pk,1.0,13.19,per pk,pack price carried across unchanged (item is sold by the pack); MOQ = 5 kg converted to packs using the 3 lb pack weight,9.69,4,pk,"Whole / do not cut, Cut to small pieces, Cut to large pieces, Remove skin, Debone (remove bone), Trim excess fat, Other (please specify below)",3.0,1.361,instock,1.0,https://images.wedohalal.com/products/Goat-Head-(1-Pc-Buy-2-Get-1-Free)-63.webp,52-01,71-02,10-01,
12,Goat Head,Meat,Goat,12-03,439.0,"Frozen, Skinless, With Bone, High, Karim Meats",Frozen,Skinless,With Bone,High,,Karim Meats,11.99,10.0,13.19,per pk,1.0,13.19,per pk,pack price carried across unchanged (item is sold by the pack); MOQ = 5 kg converted to packs using the 3 lb pack weight,9.69,4,pk,"Whole / do not cut, Cut to small pieces, Cut to large pieces, Remove skin, Debone (remove bone), Trim excess fat, Other (please specify below)",3.0,1.361,instock,1.0,"https://images.wedohalal.com/products/Goat-Head-(1-pc)---Buy-2,-Get-1-Free-439.webp",52-01,71-02,10-01,
12,Goat Head,Meat,Goat,12-04,1014.0,"Fresh, Skinless, With Bone, High, Karim Meats",Fresh,Skinless,With Bone,High,,Karim Meats,8.99,10.0,9.89,per pk,1.0,9.89,per pk,pack price carried across unchanged (item is sold by the pack),7.27,,pk,"Whole / do not cut, Cut to small pieces, Cut to large pieces, Remove skin, Debone (remove bone), Trim excess fat, Other (please specify below)",0,0.0,instock,1.0,https://images.wedohalal.com/products/Goat-Head-1014.webp,52-02,71-02,10-01,"MOQ left blank: pack weight unusable, set manually; weight is 0 in the source catalog, needs a real pack weight"
12,Goat Head,Meat,Goat,12-05,1016.0,"Fresh, With Skin, With Bone, High, Karim Meats",Fresh,With Skin,With Bone,High,,Karim Meats,11.99,10.0,13.19,per lb,1.0,29.08,per kg,retail per-lb price converted to per-kg (x 2.20462),,5.0,kg,"Whole / do not cut, Cut to small pieces, Cut to large pieces, Remove skin, Debone (remove bone), Trim excess fat, Other (please specify below)",1.0,0.454,instock,1.0,https://images.wedohalal.com/products/Goat-Head-1016.webp,52-02,71-01,10-01,
12,Goat Head,Meat,Goat,12-06,1018.0,"Fresh, With Skin, Boneless, Medium, Karim Meats",Fresh,With Skin,Boneless,Medium,,Karim Meats,10.99,10.0,12.09,per pk,1.0,12.09,per pk,pack price carried across unchanged (item is sold by the pack),8.88,,pk,"Whole / do not cut, Cut to small pieces, Cut to large pieces, Remove skin, Debone (remove bone), Trim excess fat, Other (please specify below)",0,0.0,instock,1.0,https://images.wedohalal.com/products/Goat-Tongue-1018.webp,52-03,71-01,10-01,"MOQ left blank: pack weight unusable, set manually; weight is 0 in the source catalog, needs a real pack weight"
13,Goat Ribs,Meat,Goat,13-01,14.0,"Fresh, Skinless, With Bone, Medium, Karim Meats",Fresh,Skinless,With Bone,Medium,,Karim Meats,13.99,10.0,15.39,per lb,1.0,33.93,per kg,retail per-lb price converted to per-kg (x 2.20462),,5.0,kg,"Whole / do not cut, Cut to small pieces, Cut to large pieces, Full rack, Half rack, Debone (remove bone), Trim excess fat, Other (please specify below)",1.0,0.454,instock,1.0,https://images.wedohalal.com/products/Goat-Ribs-14.webp,165-01,6-01,45-04,
13,Goat Ribs,Meat,Goat,13-02,21.0,"Frozen, Skinless, With Bone, Medium, Karim Meats",Frozen,Skinless,With Bone,Medium,,Karim Meats,12.9,10.0,14.19,per lb,1.0,31.28,per kg,retail per-lb price converted to per-kg (x 2.20462),,5.0,kg,"Whole / do not cut, Cut to small pieces, Cut to large pieces, Full rack, Half rack, Debone (remove bone), Trim excess fat, Other (please specify below)",1.0,0.454,instock,1.0,https://images.wedohalal.com/products/Goat-Ribs-21.webp,165-03,6-01,45-01,
14,Beef Shank,Meat,Beef,14-01,15.0,"Fresh, Skinless, With Bone, Medium, Karim Meats",Fresh,Skinless,With Bone,Medium,,Karim Meats,9.99,10.0,10.99,per lb,1.0,24.23,per kg,retail per-lb price converted to per-kg (x 2.20462),,10.0,kg,"Whole / do not cut, Cut to small pieces, Cut to large pieces, Frenched, Debone (remove bone), Trim excess fat, Other (please specify below)",1.0,0.454,instock,1.0,https://images.wedohalal.com/products/Beef-Shank-With-Bone-15.webp,16-04,17-01,121-01,
14,Beef Shank,Meat,Beef,14-02,28.0,"Frozen, Skinless, With Bone, Medium, Karim Meats",Frozen,Skinless,With Bone,Medium,,Karim Meats,9.49,10.0,10.44,per lb,1.0,23.02,per kg,retail per-lb price converted to per-kg (x 2.20462),,10.0,kg,"Whole / do not cut, Cut to small pieces, Cut to large pieces, Frenched, Debone (remove bone), Trim excess fat, Other (please specify below)",1.0,0.454,instock,1.0,https://images.wedohalal.com/products/Beef-Shank-With-Bone-28.webp,16-04,17-02,121-01,
14,Beef Shank,Meat,Beef,14-03,71.0,"Frozen, Skinless, Boneless, Medium, Karim Meats",Frozen,Skinless,Boneless,Medium,,Karim Meats,10.99,10.0,12.09,per lb,1.0,26.65,per kg,retail per-lb price converted to per-kg (x 2.20462),,10.0,kg,"Whole / do not cut, Cut to small pieces, Cut to large pieces, Frenched, Debone (remove bone), Trim excess fat, Other (please specify below)",1.0,0.454,instock,1.0,https://images.wedohalal.com/products/Boneless-Beef-Shank-71.webp,16-01,17-04,121-01,
14,Beef Shank,Meat,Beef,14-04,215.0,"Fresh, Skinless, With Bone, Medium, Westgate Halal",Fresh,Skinless,With Bone,Medium,,Westgate Halal,7.99,15.0,9.19,per lb,1.0,20.26,per kg,retail per-lb price converted to per-kg (x 2.20462),,10.0,kg,"Whole / do not cut, Cut to small pieces, Cut to large pieces, Frenched, Debone (remove bone), Trim excess fat, Other (please specify below)",1.0,0.454,instock,1.0,https://images.wedohalal.com/products/Beef-Shank-215.webp,16-04,17-01,121-01,
14,Beef Shank,Meat,Beef,14-05,211.0,"Fresh, Skinless, Boneless, Medium, Westgate Halal",Fresh,Skinless,Boneless,Medium,,Westgate Halal,9.99,15.0,11.49,per lb,1.0,25.33,per kg,retail per-lb price converted to per-kg (x 2.20462),,10.0,kg,"Whole / do not cut, Cut to small pieces, Cut to large pieces, Frenched, Debone (remove bone), Trim excess fat, Other (please specify below)",1.0,0.454,instock,1.0,https://images.wedohalal.com/products/Boneless-Beef-Shank-211.webp,16-01,17-04,121-01,
15,Beef Ribs,Meat,Beef,15-01,16.0,"Fresh, Skinless, With Bone, Medium, Karim Meats",Fresh,Skinless,With Bone,Medium,,Karim Meats,12.99,10.0,14.29,per lb,1.0,31.5,per kg,retail per-lb price converted to per-kg (x 2.20462),,10.0,kg,"Whole / do not cut, Cut to small pieces, Cut to large pieces, Full rack, Half rack, Debone (remove bone), Trim excess fat, Other (please specify below)",1.0,0.454,instock,1.0,https://images.wedohalal.com/products/Marinated-Beef-16.webp,201-01,82-01,250-01,
15,Beef Ribs,Meat,Beef,15-02,83.0,"Frozen, Skinless, With Bone, High, Karim Meats",Frozen,Skinless,With Bone,High,,Karim Meats,9.99,10.0,10.99,per lb,2.0,24.23,per kg,retail per-lb price converted to per-kg (x 2.20462),,10.0,kg,"Whole / do not cut, Cut to small pieces, Cut to large pieces, Full rack, Half rack, Debone (remove bone), Trim excess fat, Other (please specify below)",1.0,0.454,instock,1.0,https://images.wedohalal.com/products/Beef-Ribs-83.webp,201-01,82-01,250-01,
15,Beef Ribs,Meat,Beef,15-03,1027.0,"Fresh, Skinless, Boneless, High, Westgate Halal",Fresh,Skinless,Boneless,High,,Westgate Halal,24.99,15.0,28.74,per lb,1.0,63.36,per kg,retail per-lb price converted to per-kg (x 2.20462),,10.0,kg,"Whole / do not cut, Cut to small pieces, Cut to large pieces, Full rack, Half rack, Debone (remove bone), Trim excess fat, Other (please specify below)",1.0,0.454,instock,1.0,https://images.wedohalal.com/products/AAA-Rib-Eye-Steak-1027.webp,201-01,82-01,250-01,
15,Beef Ribs,Meat,Beef,15-04,149.0,"Fresh, Skinless, With Bone, High, Westgate Halal",Fresh,Skinless,With Bone,High,,Westgate Halal,8.99,15.0,10.34,per lb,1.0,22.8,per kg,retail per-lb price converted to per-kg (x 2.20462),,10.0,kg,"Whole / do not cut, Cut to small pieces, Cut to large pieces, Full rack, Half rack, Debone (remove bone), Trim excess fat, Other (please specify below)",1.0,0.454,instock,1.0,https://images.wedohalal.com/products/Beef-Back-Ribs-149.webp,201-01,82-01,250-01,
15,Beef Ribs,Meat,Beef,15-05,291.0,"Frozen, Skinless, Boneless, Medium, Westgate Halal",Frozen,Skinless,Boneless,Medium,,Westgate Halal,19.49,15.0,22.41,per lb,1.0,49.41,per kg,retail per-lb price converted to per-kg (x 2.20462),,10.0,kg,"Whole / do not cut, Cut to small pieces, Cut to large pieces, Full rack, Half rack, Debone (remove bone), Trim excess fat, Other (please specify below)",1.0,0.454,instock,1.0,https://images.wedohalal.com/products/Boneless-Beef-Chuck-Ribs-291.webp,201-01,82-01,250-01,
15,Beef Ribs,Meat,Beef,15-06,257.0,"Fresh, Skinless, With Bone, High, Westgate Halal",Fresh,Skinless,With Bone,High,,Westgate Halal,12.99,15.0,14.94,per lb,2.0,32.94,per kg,retail per-lb price converted to per-kg (x 2.20462),,10.0,kg,"Whole / do not cut, Cut to small pieces, Cut to large pieces, Full rack, Half rack, Debone (remove bone), Trim excess fat, Other (please specify below)",1.0,0.454,instock,1.0,https://images.wedohalal.com/products/Mawee-Braising-Ribs-257.webp,201-01,82-01,250-01,
15,Beef Ribs,Meat,Beef,15-07,231.0,"Fresh, Skinless, Boneless, High, Westgate Halal",Fresh,Skinless,Boneless,High,,Westgate Halal,25.99,15.0,29.89,per lb,1.0,65.9,per kg,retail per-lb price converted to per-kg (x 2.20462),,10.0,kg,"Whole / do not cut, Cut to small pieces, Cut to large pieces, Full rack, Half rack, Debone (remove bone), Trim excess fat, Other (please specify below)",1.0,0.454,instock,1.0,https://images.wedohalal.com/products/Rib-Eye-231.webp,201-01,82-01,250-01,
16,Beef Stew,Meat,Beef,16-01,17.0,"Fresh, Skinless, Boneless, Medium, Karim Meats",Fresh,Skinless,Boneless,Medium,,Karim Meats,9.99,10.0,10.99,per lb,2.0,24.23,per kg,retail per-lb price converted to per-kg (x 2.20462),,10.0,kg,"Whole / do not cut, Cut to small pieces, Cut to large pieces, Debone (remove bone), Trim excess fat, Other (please specify below)",1.0,0.454,instock,1.0,https://images.wedohalal.com/products/Beef-Stew-17.webp,14-05,121-01,335-01,
16,Beef Stew,Meat,Beef,16-02,217.0,"Fresh, Skinless, Boneless, Medium, Westgate Halal",Fresh,Skinless,Boneless,Medium,,Westgate Halal,11.99,15.0,13.79,per lb,1.0,30.4,per kg,retail per-lb price converted to per-kg (x 2.20462),,10.0,kg,"Whole / do not cut, Cut to small pieces, Cut to large pieces, Debone (remove bone), Trim excess fat, Other (please specify below)",1.0,0.454,instock,1.0,https://images.wedohalal.com/products/Beef-Stew-Boneless-217.webp,14-05,121-01,335-01,
16,Beef Stew,Meat,Beef,16-03,219.0,"Fresh, Skinless, Boneless, Medium, Westgate Halal",Fresh,Skinless,Boneless,Medium,,Westgate Halal,13.99,15.0,16.09,per lb,1.0,35.47,per kg,retail per-lb price converted to per-kg (x 2.20462),,10.0,kg,"Whole / do not cut, Cut to small pieces, Cut to large pieces, Debone (remove bone), Trim excess fat, Other (please specify below)",1.0,0.454,instock,1.0,https://images.wedohalal.com/products/Beef-Stew-Soghar-219.webp,14-05,121-01,335-01,
16,Beef Stew,Meat,Beef,16-04,239.0,"Fresh, Skinless, With Bone, Medium, Westgate Halal",Fresh,Skinless,With Bone,Medium,,Westgate Halal,8.49,15.0,9.76,per lb,1.0,21.52,per kg,retail per-lb price converted to per-kg (x 2.20462),,10.0,kg,"Whole / do not cut, Cut to small pieces, Cut to large pieces, Debone (remove bone), Trim excess fat, Other (please specify below)",1.0,0.454,instock,1.0,https://images.wedohalal.com/products/Bf-Stew-With-Bone-239.webp,14-01,121-01,335-01,
17,Beef Mixed with Bone,Meat,Beef,17-01,18.0,"Fresh, Skinless, With Bone, High, Karim Meats",Fresh,Skinless,With Bone,High,,Karim Meats,8.49,10.0,9.34,per lb,2.0,20.59,per kg,retail per-lb price converted to per-kg (x 2.20462),,10.0,kg,"Whole / do not cut, Cut to small pieces, Cut to large pieces, Debone (remove bone), Trim excess fat, Other (please specify below)",1.0,0.454,instock,1.0,https://images.wedohalal.com/products/Beef-With-Bone-(All-Parts-Mixed)-18.webp,14-01,341-01,26-01,
17,Beef Mixed with Bone,Meat,Beef,17-02,30.0,"Frozen, Skinless, With Bone, High, Karim Meats",Frozen,Skinless,With Bone,High,,Karim Meats,7.99,10.0,8.79,per lb,1.0,19.38,per kg,retail per-lb price converted to per-kg (x 2.20462),,10.0,kg,"Whole / do not cut, Cut to small pieces, Cut to large pieces, Debone (remove bone), Trim excess fat, Other (please specify below)",1.0,0.454,instock,1.0,https://images.wedohalal.com/products/Beef-Mixed-Plate-With-Bone-30.webp,14-02,341-01,26-01,
17,Beef Mixed with Bone,Meat,Beef,17-03,36.0,"Frozen, Skinless, With Bone, High, Karim Meats",Frozen,Skinless,With Bone,High,,Karim Meats,7.99,10.0,8.79,per lb,2.0,19.38,per kg,retail per-lb price converted to per-kg (x 2.20462),,10.0,kg,"Whole / do not cut, Cut to small pieces, Cut to large pieces, Debone (remove bone), Trim excess fat, Other (please specify below)",1.0,0.454,instock,1.0,https://images.wedohalal.com/products/Beef-With-Bone-36.webp,14-02,341-01,26-01,
17,Beef Mixed with Bone,Meat,Beef,17-04,332.0,"Fresh, Skinless, Boneless, Medium, Westgate Halal",Fresh,Skinless,Boneless,Medium,,Westgate Halal,7.99,15.0,9.19,per lb,1.0,20.26,per kg,retail per-lb price converted to per-kg (x 2.20462),,10.0,kg,"Whole / do not cut, Cut to small pieces, Cut to large pieces, Debone (remove bone), Trim excess fat, Other (please specify below)",1.0,0.454,instock,1.0,https://images.wedohalal.com/products/Mixed-Beef-And-Lamb-Ground-332.webp,14-05,341-01,26-01,
18,Beef Ground (Lean),Meat,Beef,18-01,19.0,"Fresh, Skinless, Boneless, Medium, Karim Meats",Fresh,Skinless,Boneless,Medium,,Karim Meats,7.99,10.0,8.79,per lb,1.0,19.38,per kg,retail per-lb price converted to per-kg (x 2.20462),,10.0,kg,"Regular grind, Fine grind, Coarse grind, Other (please specify below)",1.0,0.454,instock,1.0,https://images.wedohalal.com/products/Ground-Beef-19.webp,860-01,29-01,17-04,
18,Beef Ground (Lean),Meat,Beef,18-02,205.0,"Fresh, Skinless, Boneless, Low, Westgate Halal",Fresh,Skinless,Boneless,Low,,Westgate Halal,8.99,15.0,10.34,per lb,2.0,22.8,per kg,retail per-lb price converted to per-kg (x 2.20462),,10.0,kg,"Regular grind, Fine grind, Coarse grind, Other (please specify below)",1.0,0.454,instock,1.0,https://images.wedohalal.com/products/Extra-Lean-Ground-Beef-205.webp,860-01,29-01,17-04,
18,Beef Ground (Lean),Meat,Beef,18-03,203.0,"Fresh, Skinless, Boneless, Low, Westgate Halal",Fresh,Skinless,Boneless,Low,,Westgate Halal,7.49,15.0,8.61,per lb,1.0,18.98,per kg,retail per-lb price converted to per-kg (x 2.20462),,10.0,kg,"Regular grind, Fine grind, Coarse grind, Other (please specify below)",1.0,0.454,instock,1.0,https://images.wedohalal.com/products/Lean-Ground-Beef-203.webp,860-01,29-01,17-04,
19,Chicken Breast,Meat,Chicken,19-01,20.0,"Fresh, Skinless, Boneless, Low, Karim Meats",Fresh,Skinless,Boneless,Low,,Karim Meats,7.99,10.0,8.79,per lb,1.0,19.38,per kg,retail per-lb price converted to per-kg (x 2.20462),,10.0,kg,"Whole / do not cut, Cut to small pieces, Cut to large pieces, Other (please specify below)",1.0,0.454,instock,1.0,https://images.wedohalal.com/products/Chicken-Breast-Boneless-&-Skinless-20.webp,28-05,29-01,1-01,
19,Chicken Breast,Meat,Chicken,19-02,189.0,"Fresh, Skinless, Boneless, Low, Westgate Halal",Fresh,Skinless,Boneless,Low,,Westgate Halal,9.99,15.0,11.49,per lb,1.0,25.33,per kg,retail per-lb price converted to per-kg (x 2.20462),,10.0,kg,"Whole / do not cut, Cut to small pieces, Cut to large pieces, Other (please specify below)",1.0,0.454,instock,1.0,https://images.wedohalal.com/products/Cajun-Chicken-Breast-189.webp,28-05,29-01,1-01,
19,Chicken Breast,Meat,Chicken,19-03,187.0,"Fresh, Skinless, Boneless, Low, Westgate Halal",Fresh,Skinless,Boneless,Low,,Westgate Halal,9.99,15.0,11.49,per lb,1.0,25.33,per kg,retail per-lb price converted to per-kg (x 2.20462),,10.0,kg,"Whole / do not cut, Cut to small pieces, Cut to large pieces, Other (please specify below)",1.0,0.454,instock,1.0,https://images.wedohalal.com/products/Chicken-Breast-Scallops-187.webp,28-05,29-01,1-01,
19,Chicken Breast,Meat,Chicken,19-04,125.0,"Fresh, Skinless, Boneless, Low, Westgate Halal",Fresh,Skinless,Boneless,Low,,Westgate Halal,7.99,15.0,9.19,per lb,1.0,20.26,per kg,retail per-lb price converted to per-kg (x 2.20462),,10.0,kg,"Whole / do not cut, Cut to small pieces, Cut to large pieces, Other (please specify below)",1.0,0.454,instock,1.0,https://images.wedohalal.com/products/Ground-Chicken-Breast-125.webp,28-05,29-01,1-01,
19,Chicken Breast,Meat,Chicken,19-05,243.0,"Fresh, Skinless, Boneless, Low, Westgate Halal",Fresh,Skinless,Boneless,Low,,Westgate Halal,7.79,15.0,8.96,per lb,1.0,19.75,per kg,retail per-lb price converted to per-kg (x 2.20462),,10.0,kg,"Whole / do not cut, Cut to small pieces, Cut to large pieces, Other (please specify below)",1.0,0.454,instock,1.0,https://images.wedohalal.com/products/Skinless-Boneless-Breast-243.webp,28-05,29-01,1-01,
19,Chicken Breast,Meat,Chicken,19-06,199.0,"Fresh, Skinless, Boneless, Low, Westgate Halal",Fresh,Skinless,Boneless,Low,,Westgate Halal,8.99,15.0,10.34,per lb,2.0,22.8,per kg,retail per-lb price converted to per-kg (x 2.20462),,10.0,kg,"Whole / do not cut, Cut to small pieces, Cut to large pieces, Other (please specify below)",1.0,0.454,instock,1.0,https://images.wedohalal.com/products/Tawook-Chicken-Breast-199.webp,28-05,29-01,1-01,
19,Chicken Breast,Meat,Chicken,19-07,197.0,"Fresh, Skinless, Boneless, Low, Westgate Halal",Fresh,Skinless,Boneless,Low,,Westgate Halal,8.99,15.0,10.34,per lb,2.0,22.8,per kg,retail per-lb price converted to per-kg (x 2.20462),,10.0,kg,"Whole / do not cut, Cut to small pieces, Cut to large pieces, Other (please specify below)",1.0,0.454,instock,1.0,https://images.wedohalal.com/products/Tawook-Chicken-Breast-No-Color-197.webp,28-05,29-01,1-01,
20,Goat RibChopLoin,Meat,Goat,20-01,22.0,"Frozen, Skinless, With Bone, Medium, Karim Meats",Frozen,Skinless,With Bone,Medium,,Karim Meats,14.99,10.0,16.49,per lb,1.0,36.35,per kg,retail per-lb price converted to per-kg (x 2.20462),,5.0,kg,"Whole / do not cut, Cut to small pieces, Cut to large pieces, Full rack, Half rack, Debone (remove bone), Trim excess fat, Other (please specify below)",1.0,0.454,instock,1.0,"https://images.wedohalal.com/products/Goat-Ribs,-Chops-&-Loin-22.webp",340-01,6-01,342-01,
21,Beef Skin,Meat,Beef,21-01,23.0,"Frozen, With Skin, Boneless, High, Karim Meats",Frozen,With Skin,Boneless,High,,Karim Meats,8.99,10.0,9.89,per lb,1.0,21.8,per kg,retail per-lb price converted to per-kg (x 2.20462),,10.0,kg,"Whole / do not cut, Cut to small pieces, Cut to large pieces, Remove skin, Trim excess fat, Other (please specify below)",1.0,0.454,instock,1.0,https://images.wedohalal.com/products/Beef-Skin-Burnt-23.webp,69-01,121-01,208-01,
21,Beef Skin,Meat,Beef,21-02,285.0,"Frozen, With Skin, Boneless, High, Westgate Halal",Frozen,With Skin,Boneless,High,,Westgate Halal,12.99,15.0,14.94,per lb,1.0,32.94,per kg,retail per-lb price converted to per-kg (x 2.20462),,10.0,kg,"Whole / do not cut, Cut to small pieces, Cut to large pieces, Remove skin, Trim excess fat, Other (please specify below)",1.0,0.454,instock,1.0,https://images.wedohalal.com/products/Beef-Skin-285.webp,69-01,121-01,208-01,
22,Beef Stomach (Tripe),Meat,Beef,22-01,24.0,"Frozen, Skinless, Boneless, Low, Karim Meats",Frozen,Skinless,Boneless,Low,,Karim Meats,5.99,10.0,6.59,per lb,1.0,14.53,per kg,retail per-lb price converted to per-kg (x 2.20462),,10.0,kg,"Whole / do not cut, Cut to small pieces, Cut to large pieces, Other (please specify below)",1.0,0.454,instock,1.0,https://images.wedohalal.com/products/Beef-Stomach-24.webp,24-01,336-02,23-01,
23,Goat Stomach,Meat,Goat,23-01,25.0,"Frozen, Skinless, Boneless, Low, Karim Meats",Frozen,Skinless,Boneless,Low,,Karim Meats,6.99,10.0,7.69,per lb,1.0,16.95,per kg,retail per-lb price converted to per-kg (x 2.20462),,5.0,kg,"Whole / do not cut, Cut to small pieces, Cut to large pieces, Other (please specify below)",1.0,0.454,instock,1.0,https://images.wedohalal.com/products/Goat-Stomach-25.webp,336-02,22-01,210-01,
24,Beef Intestine,Meat,Beef,24-01,26.0,"Frozen, Skinless, Boneless, Medium, Karim Meats",Frozen,Skinless,Boneless,Medium,,Karim Meats,5.99,10.0,6.59,per lb,1.0,14.53,per kg,retail per-lb price converted to per-kg (x 2.20462),,10.0,kg,"Whole / do not cut, Cut to small pieces, Cut to large pieces, Trim excess fat, Other (please specify below)",1.0,0.454,instock,1.0,https://images.wedohalal.com/products/Beef-Intestine-26.webp,22-01,136-01,69-01,
25,Goat Intestine,Meat,Goat,25-01,27.0,"Frozen, Skinless, Boneless, Medium, Karim Meats",Frozen,Skinless,Boneless,Medium,,Karim Meats,6.99,10.0,7.69,per lb,1.0,16.95,per kg,retail per-lb price converted to per-kg (x 2.20462),,5.0,kg,"Whole / do not cut, Cut to small pieces, Cut to large pieces, Trim excess fat, Other (please specify below)",1.0,0.454,instock,1.0,https://images.wedohalal.com/products/Goat-Intestine-27.webp,210-01,23-01,10-01,
26,Goat Mixed,Meat,Goat,26-01,29.0,"Frozen, Skinless, With Bone, Medium, Karim Meats",Frozen,Skinless,With Bone,Medium,,Karim Meats,14.99,10.0,16.49,per lb,1.0,36.35,per kg,retail per-lb price converted to per-kg (x 2.20462),,5.0,kg,"Whole / do not cut, Cut to small pieces, Cut to large pieces, Debone (remove bone), Trim excess fat, Other (please specify below)",1.0,0.454,instock,1.0,https://images.wedohalal.com/products/Goat-Mixed-Plate-(Edmonton)-29.webp,341-01,17-02,20-01,
28,Chicken Thighs,Meat,Chicken,28-01,32.0,"Frozen, Skinless, Boneless, Medium, Karim Meats",Frozen,Skinless,Boneless,Medium,,Karim Meats,6.99,10.0,7.69,per lb,1.0,16.95,per kg,retail per-lb price converted to per-kg (x 2.20462),,10.0,kg,"Whole / do not cut, Cut to small pieces, Cut to large pieces, Remove skin, Debone (remove bone), Trim excess fat, Other (please specify below)",1.0,0.454,instock,1.0,https://images.wedohalal.com/products/Chicken-Boneless-Thighs-32.webp,19-01,1-03,187-01,
28,Chicken Thighs,Meat,Chicken,28-02,185.0,"Fresh, Skinless, Boneless, Medium, Westgate Halal",Fresh,Skinless,Boneless,Medium,,Westgate Halal,8.99,15.0,10.34,per lb,1.0,22.8,per kg,retail per-lb price converted to per-kg (x 2.20462),,10.0,kg,"Whole / do not cut, Cut to small pieces, Cut to large pieces, Remove skin, Debone (remove bone), Trim excess fat, Other (please specify below)",1.0,0.454,instock,1.0,https://images.wedohalal.com/products/Garlic-Lemon-Skinless-Boneless-Thighs-185.webp,19-01,1-01,187-01,
28,Chicken Thighs,Meat,Chicken,28-03,193.0,"Fresh, Skinless, Boneless, Medium, Westgate Halal",Fresh,Skinless,Boneless,Medium,,Westgate Halal,6.99,15.0,8.04,per lb,2.0,17.73,per kg,retail per-lb price converted to per-kg (x 2.20462),,10.0,kg,"Whole / do not cut, Cut to small pieces, Cut to large pieces, Remove skin, Debone (remove bone), Trim excess fat, Other (please specify below)",1.0,0.454,instock,1.0,https://images.wedohalal.com/products/Marinated-Skinless-Thighs-193.webp,19-01,1-01,187-01,
28,Chicken Thighs,Meat,Chicken,28-04,247.0,"Fresh, With Skin, With Bone, Medium, Westgate Halal",Fresh,With Skin,With Bone,Medium,,Westgate Halal,5.19,15.0,5.97,per lb,2.0,13.16,per kg,retail per-lb price converted to per-kg (x 2.20462),,10.0,kg,"Whole / do not cut, Cut to small pieces, Cut to large pieces, Remove skin, Debone (remove bone), Trim excess fat, Other (please specify below)",1.0,0.454,instock,1.0,https://images.wedohalal.com/products/Regular-Thighs-247.webp,19-01,1-01,187-01,
28,Chicken Thighs,Meat,Chicken,28-05,245.0,"Fresh, Skinless, Boneless, Low, Westgate Halal",Fresh,Skinless,Boneless,Low,,Westgate Halal,7.99,15.0,9.19,per lb,1.0,20.26,per kg,retail per-lb price converted to per-kg (x 2.20462),,10.0,kg,"Whole / do not cut, Cut to small pieces, Cut to large pieces, Remove skin, Debone (remove bone), Trim excess fat, Other (please specify below)",1.0,0.454,instock,1.0,https://images.wedohalal.com/products/Skinless-Boneless-Thighs-245.webp,19-01,1-01,187-01,
28,Chicken Thighs,Meat,Chicken,28-06,1044.0,"Fresh, Skinless, Boneless, Medium, Karim Meats",Fresh,Skinless,Boneless,Medium,,Karim Meats,7.99,10.0,8.79,per lb,1.0,19.38,per kg,retail per-lb price converted to per-kg (x 2.20462),,10.0,kg,"Whole / do not cut, Cut to small pieces, Cut to large pieces, Remove skin, Debone (remove bone), Trim excess fat, Other (please specify below)",1.0,0.454,instock,1.0,https://images.wedohalal.com/products/Chicken-Boneless-Thighs-1044.webp,19-01,1-01,187-01,
29,Chicken Ground,Meat,Chicken,29-01,34.0,"Frozen, Skinless, Boneless, Low, Karim Meats",Frozen,Skinless,Boneless,Low,,Karim Meats,5.99,10.0,6.59,per lb,1.0,14.53,per kg,retail per-lb price converted to per-kg (x 2.20462),,10.0,kg,"Regular grind, Fine grind, Coarse grind, Other (please specify below)",1.0,0.454,instock,1.0,https://images.wedohalal.com/products/Ground-Chicken-34.webp,19-01,28-01,2-01,
30,Beef Kabob,Meat,Beef,30-01,37.0,"Frozen, Skinless, Boneless, Medium, Karim Meats",Frozen,Skinless,Boneless,Medium,,Karim Meats,13.99,10.0,15.39,per pk,1.0,15.39,per pk,pack price carried across unchanged (item is sold by the pack); MOQ = 10 kg converted to packs using the 2 lb pack weight,16.96,12,pk,"Whole / do not cut, Cut to small pieces, Cut to large pieces, Debone (remove bone), Trim excess fat, Other (please specify below)",2.0,0.907,instock,1.0,https://images.wedohalal.com/products/Beef-Chapli-Kabab-(10-pieces)-37.webp,31-01,128-01,98-01,
30,Beef Kabob,Meat,Beef,30-02,39.0,"Frozen, Skinless, Boneless, Medium, Karim Meats",Frozen,Skinless,Boneless,Medium,,Karim Meats,13.99,10.0,15.39,per lb,1.0,33.93,per kg,retail per-lb price converted to per-kg (x 2.20462),,10.0,kg,"Whole / do not cut, Cut to small pieces, Cut to large pieces, Debone (remove bone), Trim excess fat, Other (please specify below)",1.0,0.454,instock,1.0,https://images.wedohalal.com/products/Beef-Seekh-Kabab-39.webp,31-01,128-01,98-01,
30,Beef Kabob,Meat,Beef,30-03,43.0,"Frozen, Skinless, With Bone, Medium, Karim Meats",Frozen,Skinless,With Bone,Medium,,Karim Meats,15.99,10.0,17.59,per pk,1.0,17.59,per pk,pack price carried across unchanged (item is sold by the pack); MOQ = 10 kg converted to packs using the 2 lb pack weight,19.39,12,pk,"Whole / do not cut, Cut to small pieces, Cut to large pieces, Debone (remove bone), Trim excess fat, Other (please specify below)",2.0,0.907,instock,1.0,https://images.wedohalal.com/products/K&Z-Beef-Boti-Kabab-(12-pieces)-43.webp,31-01,128-01,98-01,
30,Beef Kabob,Meat,Beef,30-04,225.0,"Fresh, Skinless, Boneless, Medium, Westgate Halal",Fresh,Skinless,Boneless,Medium,,Westgate Halal,15.99,15.0,18.39,per lb,1.0,40.54,per kg,retail per-lb price converted to per-kg (x 2.20462),,10.0,kg,"Whole / do not cut, Cut to small pieces, Cut to large pieces, Debone (remove bone), Trim excess fat, Other (please specify below)",1.0,0.454,instock,1.0,https://images.wedohalal.com/products/Beef-BBQ-Shish-Kabob-225.webp,31-03,128-01,98-01,
30,Beef Kabob,Meat,Beef,30-05,1031.0,"Fresh, Skinless, Boneless, Medium, Westgate Halal",Fresh,Skinless,Boneless,Medium,,Westgate Halal,7.99,15.0,9.19,per lb,1.0,20.26,per kg,retail per-lb price converted to per-kg (x 2.20462),,10.0,kg,"Whole / do not cut, Cut to small pieces, Cut to large pieces, Debone (remove bone), Trim excess fat, Other (please specify below)",1.0,0.454,instock,1.0,https://images.wedohalal.com/products/Beef-Kafta-Kabab-1031.webp,31-03,128-01,98-01,
30,Beef Kabob,Meat,Beef,30-06,209.0,"Fresh, Skinless, Boneless, Medium, Westgate Halal",Fresh,Skinless,Boneless,Medium,,Westgate Halal,13.99,15.0,16.09,per lb,1.0,35.47,per kg,retail per-lb price converted to per-kg (x 2.20462),,10.0,kg,"Whole / do not cut, Cut to small pieces, Cut to large pieces, Debone (remove bone), Trim excess fat, Other (please specify below)",1.0,0.454,instock,1.0,https://images.wedohalal.com/products/Beef-Shish-Kabob-209.webp,31-03,128-01,98-01,
30,Beef Kabob,Meat,Beef,30-07,207.0,"Fresh, Skinless, Boneless, Medium, Westgate Halal",Fresh,Skinless,Boneless,Medium,,Westgate Halal,10.99,15.0,12.64,per lb,1.0,27.87,per kg,retail per-lb price converted to per-kg (x 2.20462),,10.0,kg,"Whole / do not cut, Cut to small pieces, Cut to large pieces, Debone (remove bone), Trim excess fat, Other (please specify below)",1.0,0.454,instock,1.0,https://images.wedohalal.com/products/Ground-Beef-For-Kabob-207.webp,31-03,128-01,98-01,
30,Beef Kabob,Meat,Beef,30-08,328.0,"Fresh, Skinless, Boneless, Medium, Westgate Halal",Fresh,Skinless,Boneless,Medium,,Westgate Halal,8.49,15.0,9.76,per lb,1.0,21.52,per kg,retail per-lb price converted to per-kg (x 2.20462),,10.0,kg,"Whole / do not cut, Cut to small pieces, Cut to large pieces, Debone (remove bone), Trim excess fat, Other (please specify below)",1.0,0.454,instock,1.0,https://images.wedohalal.com/products/Lamb-&-Beef-Kafta-Kabob-Mix-328.webp,31-03,128-01,98-01,
30,Beef Kabob,Meat,Beef,30-09,101.0,"Fresh, Skinless, Boneless, Medium, Westgate Halal",Fresh,Skinless,Boneless,Medium,,Westgate Halal,7.99,15.0,9.19,per lb,1.0,20.26,per kg,retail per-lb price converted to per-kg (x 2.20462),,10.0,kg,"Whole / do not cut, Cut to small pieces, Cut to large pieces, Debone (remove bone), Trim excess fat, Other (please specify below)",1.0,0.454,instock,1.0,https://images.wedohalal.com/products/Spicy-Beef-Kafta-Kabob-101.webp,31-03,128-01,98-01,
30,Beef Kabob,Meat,Beef,30-10,329.0,"Fresh, Skinless, Boneless, Medium, Westgate Halal",Fresh,Skinless,Boneless,Medium,,Westgate Halal,8.99,15.0,10.34,per lb,1.0,22.8,per kg,retail per-lb price converted to per-kg (x 2.20462),,10.0,kg,"Whole / do not cut, Cut to small pieces, Cut to large pieces, Debone (remove bone), Trim excess fat, Other (please specify below)",1.0,0.454,instock,1.0,https://images.wedohalal.com/products/Turkish-Adana-Kabob-329.webp,31-03,128-01,98-01,
31,Chicken Kabob,Meat,Chicken,31-01,38.0,"Frozen, Skinless, Boneless, Medium, Karim Meats",Frozen,Skinless,Boneless,Medium,,Karim Meats,13.99,10.0,15.39,per pk,1.0,15.39,per pk,pack price carried across unchanged (item is sold by the pack); MOQ = 10 kg converted to packs using the 2 lb pack weight,16.96,12,pk,"Whole / do not cut, Cut to small pieces, Cut to large pieces, Trim excess fat, Other (please specify below)",2.0,0.907,instock,1.0,https://images.wedohalal.com/products/Chicken-Seekh-Kabab-(10-pieces)-38.webp,30-01,128-01,98-01,
31,Chicken Kabob,Meat,Chicken,31-02,44.0,"Frozen, Skinless, Boneless, Medium, Karim Meats",Frozen,Skinless,Boneless,Medium,,Karim Meats,15.99,10.0,17.59,per pk,1.0,17.59,per pk,pack price carried across unchanged (item is sold by the pack); MOQ = 10 kg converted to packs using the 2 lb pack weight,19.39,12,pk,"Whole / do not cut, Cut to small pieces, Cut to large pieces, Trim excess fat, Other (please specify below)",2.0,0.907,instock,1.0,https://images.wedohalal.com/products/K&Z-Chicken-Boti-Kabab-(12-pieces)-44.webp,30-01,128-01,98-01,
31,Chicken Kabob,Meat,Chicken,31-03,107.0,"Fresh, Skinless, Boneless, Medium, Westgate Halal",Fresh,Skinless,Boneless,Medium,,Westgate Halal,8.99,15.0,10.34,per lb,1.0,22.8,per kg,retail per-lb price converted to per-kg (x 2.20462),,10.0,kg,"Whole / do not cut, Cut to small pieces, Cut to large pieces, Trim excess fat, Other (please specify below)",1.0,0.454,instock,1.0,https://images.wedohalal.com/products/Chicken-Kabobs-107.webp,30-04,128-01,98-01,
31,Chicken Kabob,Meat,Chicken,31-04,191.0,"Fresh, Skinless, Boneless, Medium, Westgate Halal",Fresh,Skinless,Boneless,Medium,,Westgate Halal,9.99,15.0,11.49,per lb,1.0,25.33,per kg,retail per-lb price converted to per-kg (x 2.20462),,10.0,kg,"Whole / do not cut, Cut to small pieces, Cut to large pieces, Trim excess fat, Other (please specify below)",1.0,0.454,instock,1.0,https://images.wedohalal.com/products/Chicken-Shish-Kabob-191.webp,30-04,128-01,98-01,
31,Chicken Kabob,Meat,Chicken,31-05,109.0,"Fresh, Skinless, Boneless, Medium, Westgate Halal",Fresh,Skinless,Boneless,Medium,,Westgate Halal,8.99,15.0,10.34,per lb,1.0,22.8,per kg,retail per-lb price converted to per-kg (x 2.20462),,10.0,kg,"Whole / do not cut, Cut to small pieces, Cut to large pieces, Trim excess fat, Other (please specify below)",1.0,0.454,instock,1.0,https://images.wedohalal.com/products/Spicy-Chicken-Kabobs-109.webp,30-04,128-01,98-01,
32,Chicken Kofta,Meat,Chicken,32-01,40.0,"Frozen, Skinless, Boneless, Medium, Karim Meats",Frozen,Skinless,Boneless,Medium,,Karim Meats,9.99,10.0,10.99,per pk,1.0,10.99,per pk,pack price carried across unchanged (item is sold by the pack); MOQ = 10 kg converted to packs using the 1.5 lb pack weight,16.15,15,pk,"Whole / do not cut, Cut to small pieces, Cut to large pieces, Trim excess fat, Other (please specify below)",1.5,0.68,instock,1.0,https://images.wedohalal.com/products/K&Z-Chicken-Kofta-40.webp,33-01,31-01,37-01,
33,Beef Kofta,Meat,Beef,33-01,41.0,"Frozen, Skinless, Boneless, Medium, Karim Meats",Frozen,Skinless,Boneless,Medium,,Karim Meats,9.99,10.0,10.99,per pk,1.0,10.99,per pk,pack price carried across unchanged (item is sold by the pack); MOQ = 10 kg converted to packs using the 1.5 lb pack weight,16.15,15,pk,"Whole / do not cut, Cut to small pieces, Cut to large pieces, Trim excess fat, Other (please specify below)",1.5,0.68,instock,1.0,https://images.wedohalal.com/products/K&Z-Beef-Kofta-41.webp,32-01,192-01,128-01,
34,Chicken Wings,Meat,Chicken,34-01,42.0,"Frozen, With Skin, With Bone, High, Karim Meats",Frozen,With Skin,With Bone,High,,Karim Meats,11.99,10.0,13.19,per pk,1.0,13.19,per pk,pack price carried across unchanged (item is sold by the pack); MOQ = 10 kg converted to packs using the 1.5 lb pack weight,19.39,15,pk,"Whole / do not cut, Cut to small pieces, Cut to large pieces, Remove skin, Debone (remove bone), Trim excess fat, Other (please specify below)",1.5,0.68,instock,1.0,https://images.wedohalal.com/products/K&Z-Chicken-Wings-(Breaded)-42.webp,149-01,88-01,1-03,
34,Chicken Wings,Meat,Chicken,34-02,177.0,"Fresh, With Skin, With Bone, High, Westgate Halal",Fresh,With Skin,With Bone,High,,Westgate Halal,6.99,15.0,8.04,per lb,1.0,17.73,per kg,retail per-lb price converted to per-kg (x 2.20462),,10.0,kg,"Whole / do not cut, Cut to small pieces, Cut to large pieces, Remove skin, Debone (remove bone), Trim excess fat, Other (please specify below)",1.0,0.454,instock,1.0,https://images.wedohalal.com/products/Cajin-Wings-177.webp,149-01,88-01,1-06,
34,Chicken Wings,Meat,Chicken,34-03,1021.0,"Fresh, With Skin, With Bone, High, Westgate Halal",Fresh,With Skin,With Bone,High,,Westgate Halal,6.99,15.0,8.04,per lb,1.0,17.73,per kg,retail per-lb price converted to per-kg (x 2.20462),,10.0,kg,"Whole / do not cut, Cut to small pieces, Cut to large pieces, Remove skin, Debone (remove bone), Trim excess fat, Other (please specify below)",1.0,0.454,instock,1.0,https://images.wedohalal.com/products/Chicken-Split-Wings-1021.webp,149-01,88-01,1-06,
34,Chicken Wings,Meat,Chicken,34-04,173.0,"Fresh, With Skin, With Bone, High, Westgate Halal",Fresh,With Skin,With Bone,High,,Westgate Halal,7.99,15.0,9.19,per lb,1.0,20.26,per kg,retail per-lb price converted to per-kg (x 2.20462),,10.0,kg,"Whole / do not cut, Cut to small pieces, Cut to large pieces, Remove skin, Debone (remove bone), Trim excess fat, Other (please specify below)",1.0,0.454,instock,1.0,https://images.wedohalal.com/products/Hot-Wings-173.webp,149-01,88-01,1-06,
35,Beef Roll,Meat,Beef,35-01,45.0,"Frozen, Skinless, Boneless, Medium, Karim Meats",Frozen,Skinless,Boneless,Medium,,Karim Meats,21.99,10.0,24.19,per pk,1.0,24.19,per pk,pack price carried across unchanged (item is sold by the pack); MOQ = 10 kg converted to packs using the 4 lb pack weight,13.33,6,pk,"Whole / do not cut, Cut to small pieces, Cut to large pieces, Trim excess fat, Other (please specify below)",4.0,1.814,instock,1.0,https://images.wedohalal.com/products/Fresh-&-Fresh-Beef-Rolls-(25-pieces)-45.webp,37-01,38-01,21-01,
37,Chicken Samosa,Meat,Chicken,37-01,47.0,"Frozen, Skinless, Boneless, Medium, Karim Meats",Frozen,Skinless,Boneless,Medium,,Karim Meats,25.99,10.0,28.59,per pk,1.0,28.59,per pk,pack price carried across unchanged (item is sold by the pack); MOQ = 10 kg converted to packs using the 3.5 lb pack weight,18.01,7,pk,"Whole / do not cut, Cut to small pieces, Cut to large pieces, Trim excess fat, Other (please specify below)",3.5,1.588,instock,1.0,https://images.wedohalal.com/products/Fresh-&-Fresh-Chicken-Samosa-(40-pcs)-47.webp,38-01,35-01,31-01,
37,Chicken Samosa,Meat,Chicken,37-02,50.0,"Frozen, Skinless, Boneless, Medium, Karim Meats",Frozen,Skinless,Boneless,Medium,,Karim Meats,25.99,10.0,28.59,per pk,1.0,28.59,per pk,pack price carried across unchanged (item is sold by the pack); MOQ = 10 kg converted to packs using the 3.5 lb pack weight,18.01,7,pk,"Whole / do not cut, Cut to small pieces, Cut to large pieces, Trim excess fat, Other (please specify below)",3.5,1.588,instock,1.0,https://images.wedohalal.com/products/Al-Shams-Chicken-Samosa-(40-pieces)-50.webp,38-01,35-01,31-01,
38,Beef Samosa,Meat,Beef,38-01,48.0,"Frozen, Skinless, Boneless, Medium, Karim Meats",Frozen,Skinless,Boneless,Medium,,Karim Meats,25.99,10.0,28.59,per pk,1.0,28.59,per pk,pack price carried across unchanged (item is sold by the pack); MOQ = 10 kg converted to packs using the 3.5 lb pack weight,18.01,7,pk,"Whole / do not cut, Cut to small pieces, Cut to large pieces, Trim excess fat, Other (please specify below)",3.5,1.588,instock,1.0,https://images.wedohalal.com/products/Al-Shams-Beef-Samosa-(40-pieces)-48.webp,37-01,35-01,30-01,
38,Beef Samosa,Meat,Beef,38-02,51.0,"Frozen, Skinless, Boneless, Medium, Karim Meats",Frozen,Skinless,Boneless,Medium,,Karim Meats,25.99,10.0,28.59,per pk,1.0,28.59,per pk,pack price carried across unchanged (item is sold by the pack); MOQ = 10 kg converted to packs using the 3.5 lb pack weight,18.01,7,pk,"Whole / do not cut, Cut to small pieces, Cut to large pieces, Trim excess fat, Other (please specify below)",3.5,1.588,instock,1.0,https://images.wedohalal.com/products/Riwayat-Beef-Samosa-(40-pieces)-51.webp,37-01,35-01,30-01,
43,Lamb Shoulder,Meat,Lamb,43-01,55.0,"Frozen, Skinless, With Bone, Medium, New Zealand, Karim Meats",Frozen,Skinless,With Bone,Medium,New Zealand,Karim Meats,6.99,10.0,7.69,per lb,3.0,16.95,per kg,retail per-lb price converted to per-kg (x 2.20462),,10.0,kg,"Whole / do not cut, Cut to small pieces, Cut to large pieces, Debone (remove bone), Trim excess fat, Other (please specify below)",1.0,0.454,instock,1.0,https://images.wedohalal.com/products/Lamb-Shoulder-New-Zealand-55.webp,342-01,45-01,54-01,
43,Lamb Shoulder,Meat,Lamb,43-02,273.0,"Frozen, Skinless, With Bone, Medium, Westgate Halal",Frozen,Skinless,With Bone,Medium,,Westgate Halal,9.09,15.0,10.45,per lb,4.0,23.04,per kg,retail per-lb price converted to per-kg (x 2.20462),,10.0,kg,"Whole / do not cut, Cut to small pieces, Cut to large pieces, Debone (remove bone), Trim excess fat, Other (please specify below)",1.0,0.454,instock,1.0,https://images.wedohalal.com/products/Frozen-Square-Cut-Shoulders-273.webp,342-01,45-01,54-01,
43,Lamb Shoulder,Meat,Lamb,43-03,133.0,"Fresh, Skinless, With Bone, Medium, Westgate Halal",Fresh,Skinless,With Bone,Medium,,Westgate Halal,16.99,15.0,19.54,per lb,3.0,43.08,per kg,retail per-lb price converted to per-kg (x 2.20462),,10.0,kg,"Whole / do not cut, Cut to small pieces, Cut to large pieces, Debone (remove bone), Trim excess fat, Other (please specify below)",1.0,0.454,instock,1.0,https://images.wedohalal.com/products/Lamb-Shoulder-133.webp,342-01,45-04,54-02,
43,Lamb Shoulder,Meat,Lamb,43-04,131.0,"Fresh, Skinless, With Bone, Medium, Westgate Halal",Fresh,Skinless,With Bone,Medium,,Westgate Halal,13.49,15.0,15.51,per lb,8.0,34.19,per kg,retail per-lb price converted to per-kg (x 2.20462),,10.0,kg,"Whole / do not cut, Cut to small pieces, Cut to large pieces, Debone (remove bone), Trim excess fat, Other (please specify below)",1.0,0.454,instock,1.0,https://images.wedohalal.com/products/Square-Cut-Lamb-Shoulder-131.webp,342-01,45-04,54-02,
45,Lamb Leg,Meat,Lamb,45-01,57.0,"Frozen, Skinless, With Bone, Medium, New Zealand, Karim Meats",Frozen,Skinless,With Bone,Medium,New Zealand,Karim Meats,9.99,10.0,10.99,per lb,4.0,24.23,per kg,retail per-lb price converted to per-kg (x 2.20462),,10.0,kg,"Whole / do not cut, Cut to small pieces, Cut to large pieces, Butterfly, Debone (remove bone), Trim excess fat, Other (please specify below)",1.0,0.454,instock,1.0,https://images.wedohalal.com/products/Lamb-Leg-New-Zealand-57.webp,7-02,43-01,165-03,
45,Lamb Leg,Meat,Lamb,45-02,135.0,"Fresh, Skinless, Boneless, Medium, Westgate Halal",Fresh,Skinless,Boneless,Medium,,Westgate Halal,16.99,15.0,19.54,per lb,4.0,43.08,per kg,retail per-lb price converted to per-kg (x 2.20462),,10.0,kg,"Whole / do not cut, Cut to small pieces, Cut to large pieces, Butterfly, Debone (remove bone), Trim excess fat, Other (please specify below)",1.0,0.454,instock,1.0,https://images.wedohalal.com/products/Boneless-Lamb-Leg-/-BBQ-135.webp,7-01,43-03,165-01,
45,Lamb Leg,Meat,Lamb,45-03,235.0,"Fresh, Skinless, Boneless, Medium, Westgate Halal",Fresh,Skinless,Boneless,Medium,,Westgate Halal,16.99,15.0,19.54,per lb,1.0,43.08,per kg,retail per-lb price converted to per-kg (x 2.20462),,10.0,kg,"Whole / do not cut, Cut to small pieces, Cut to large pieces, Butterfly, Debone (remove bone), Trim excess fat, Other (please specify below)",1.0,0.454,instock,1.0,https://images.wedohalal.com/products/Boneless-Lamb-Leg-/-BBQ-235.webp,7-01,43-03,165-01,
45,Lamb Leg,Meat,Lamb,45-04,420.0,"Fresh, Skinless, With Bone, Medium, Karim Meats",Fresh,Skinless,With Bone,Medium,,Karim Meats,16.99,10.0,18.69,per lb,4.0,41.2,per kg,retail per-lb price converted to per-kg (x 2.20462),,10.0,kg,"Whole / do not cut, Cut to small pieces, Cut to large pieces, Butterfly, Debone (remove bone), Trim excess fat, Other (please specify below)",1.0,0.454,instock,1.0,https://images.wedohalal.com/products/Lamb-Leg-420.webp,7-01,43-03,165-01,
45,Lamb Leg,Meat,Lamb,45-05,137.0,"Fresh, Skinless, With Bone, Medium, Westgate Halal",Fresh,Skinless,With Bone,Medium,,Westgate Halal,18.19,15.0,20.92,per lb,5.0,46.12,per kg,retail per-lb price converted to per-kg (x 2.20462),,10.0,kg,"Whole / do not cut, Cut to small pieces, Cut to large pieces, Butterfly, Debone (remove bone), Trim excess fat, Other (please specify below)",1.0,0.454,instock,1.0,https://images.wedohalal.com/products/Leg-Of-Lamb-Roast-137.webp,7-01,43-03,165-01,
45,Lamb Leg,Meat,Lamb,45-06,528.0,"Frozen, Skinless, With Bone, Medium, New Zealand, Karim Meats",Frozen,Skinless,With Bone,Medium,New Zealand,Karim Meats,14.99,10.0,16.49,per lb,4.0,36.35,per kg,retail per-lb price converted to per-kg (x 2.20462),,10.0,kg,"Whole / do not cut, Cut to small pieces, Cut to large pieces, Butterfly, Debone (remove bone), Trim excess fat, Other (please specify below)",1.0,0.454,instock,1.0,https://images.wedohalal.com/products/Leg-of-Lamb-NZ-(long)-528.webp,7-02,43-01,165-03,
45,Lamb Leg,Meat,Lamb,45-07,1050.0,"Frozen, Skinless, Boneless, Medium, Karim Meats",Frozen,Skinless,Boneless,Medium,,Karim Meats,15.99,10.0,17.59,per lb,1.0,38.78,per kg,retail per-lb price converted to per-kg (x 2.20462),,10.0,kg,"Whole / do not cut, Cut to small pieces, Cut to large pieces, Butterfly, Debone (remove bone), Trim excess fat, Other (please specify below)",1.0,0.454,instock,1.0,https://images.wedohalal.com/products/Boneless-Lamb-Leg-/-BBQ-1050.webp,7-02,43-01,165-03,
47,Lamb Brain,Meat,Lamb,47-01,59.0,"Frozen, Skinless, Boneless, High, Karim Meats",Frozen,Skinless,Boneless,High,,Karim Meats,14.99,10.0,16.49,per pk,1.0,16.49,per pk,pack price carried across unchanged (item is sold by the pack); MOQ = 5 kg converted to packs using the 1 lb pack weight,36.35,12,pk,"Whole / do not cut, Sliced, Other (please specify below)",1.0,0.454,instock,1.0,https://images.wedohalal.com/products/Lamb/Goat-Brain-Mixed-(40-pieces)-59.webp,343-01,213-03,336-02,
49,Lamb Fat,Meat,Lamb,49-01,61.0,"Frozen, Skinless, Boneless, High, Karim Meats",Frozen,Skinless,Boneless,High,,Karim Meats,6.99,10.0,7.69,per lb,1.0,16.95,per kg,retail per-lb price converted to per-kg (x 2.20462),,5.0,kg,"Whole / do not cut, Cut to small pieces, Cut to large pieces, Trim excess fat, Other (please specify below)",1.0,0.454,instock,1.0,https://images.wedohalal.com/products/Lamb-Fat-61.webp,344-01,864-01,54-01,
52,Lamb Head,Meat,Lamb,52-01,65.0,"Frozen, Skinless, With Bone, High, Karim Meats",Frozen,Skinless,With Bone,High,,Karim Meats,9.99,10.0,10.99,per pk,1.0,10.99,per pk,pack price carried across unchanged (item is sold by the pack); MOQ = 5 kg converted to packs using the 3 lb pack weight,8.08,4,pk,"Whole / do not cut, Cut to small pieces, Cut to large pieces, Remove skin, Debone (remove bone), Trim excess fat, Other (please specify below)",3.0,1.361,instock,1.0,https://images.wedohalal.com/products/Lamb-Head-(1-Pc-Buy-2-Get-1-Free)-65.webp,12-02,339-01,336-02,
52,Lamb Head,Meat,Lamb,52-02,425.0,"Fresh, Skinless, With Bone, High, Karim Meats",Fresh,Skinless,With Bone,High,,Karim Meats,8.99,10.0,9.89,per lb,1.0,21.8,per kg,retail per-lb price converted to per-kg (x 2.20462),,5.0,kg,"Whole / do not cut, Cut to small pieces, Cut to large pieces, Remove skin, Debone (remove bone), Trim excess fat, Other (please specify below)",1.0,0.454,instock,1.0,https://images.wedohalal.com/products/Lamb-Head-425.webp,12-01,339-01,336-01,
52,Lamb Head,Meat,Lamb,52-03,1019.0,"Fresh, With Skin, Boneless, Medium, Karim Meats",Fresh,With Skin,Boneless,Medium,,Karim Meats,10.99,10.0,12.09,per pk,1.0,12.09,per pk,pack price carried across unchanged (item is sold by the pack),8.88,,pk,"Whole / do not cut, Cut to small pieces, Cut to large pieces, Remove skin, Debone (remove bone), Trim excess fat, Other (please specify below)",0,0.0,instock,1.0,https://images.wedohalal.com/products/Lamb-Tongue-1019.webp,12-06,339-01,336-01,"MOQ left blank: pack weight unusable, set manually; weight is 0 in the source catalog, needs a real pack weight"
52,Lamb Head,Meat,Lamb,52-04,432.0,"Frozen, Skinless, With Bone, High, Karim Meats",Frozen,Skinless,With Bone,High,,Karim Meats,10.99,10.0,12.09,per pk,1.0,12.09,per pk,pack price carried across unchanged (item is sold by the pack); MOQ = 5 kg converted to packs using the 3 lb pack weight,8.88,4,pk,"Whole / do not cut, Cut to small pieces, Cut to large pieces, Remove skin, Debone (remove bone), Trim excess fat, Other (please specify below)",3.0,1.361,instock,1.0,https://images.wedohalal.com/products/Lamb-Head-(1-Pc-Buy-2-Get-1-Free)-432.webp,12-02,339-01,336-02,
52,Lamb Head,Meat,Lamb,52-05,1015.0,"Frozen, Skinless, With Bone, High, Karim Meats",Frozen,Skinless,With Bone,High,,Karim Meats,10.99,10.0,12.09,per pk,1.0,12.09,per pk,pack price carried across unchanged (item is sold by the pack),8.88,,pk,"Whole / do not cut, Cut to small pieces, Cut to large pieces, Remove skin, Debone (remove bone), Trim excess fat, Other (please specify below)",0,0.0,instock,1.0,https://images.wedohalal.com/products/Lamb-Head-1015.webp,12-02,339-01,336-02,"MOQ left blank: pack weight unusable, set manually; weight is 0 in the source catalog, needs a real pack weight"
52,Lamb Head,Meat,Lamb,52-06,1017.0,"Frozen, With Skin, With Bone, High, Karim Meats",Frozen,With Skin,With Bone,High,,Karim Meats,10.99,10.0,12.09,per lb,1.0,26.65,per kg,retail per-lb price converted to per-kg (x 2.20462),,5.0,kg,"Whole / do not cut, Cut to small pieces, Cut to large pieces, Remove skin, Debone (remove bone), Trim excess fat, Other (please specify below)",1.0,0.454,instock,1.0,https://images.wedohalal.com/products/Lamb-Head-1017.webp,12-02,339-01,336-02,
54,Lamb Shank,Meat,Lamb,54-01,67.0,"Frozen, Skinless, With Bone, Medium, Karim Meats",Frozen,Skinless,With Bone,Medium,,Karim Meats,9.99,10.0,10.99,per lb,1.0,24.23,per kg,retail per-lb price converted to per-kg (x 2.20462),,5.0,kg,"Whole / do not cut, Cut to small pieces, Cut to large pieces, Frenched, Debone (remove bone), Trim excess fat, Other (please specify below)",1.0,0.454,instock,1.0,https://images.wedohalal.com/products/Lamb-Shank-67.webp,345-01,335-01,43-01,
54,Lamb Shank,Meat,Lamb,54-02,129.0,"Fresh, Skinless, With Bone, Medium, Westgate Halal",Fresh,Skinless,With Bone,Medium,,Westgate Halal,13.99,15.0,16.09,per lb,1.0,35.47,per kg,retail per-lb price converted to per-kg (x 2.20462),,5.0,kg,"Whole / do not cut, Cut to small pieces, Cut to large pieces, Frenched, Debone (remove bone), Trim excess fat, Other (please specify below)",1.0,0.454,instock,1.0,https://images.wedohalal.com/products/Lamb-Shank-129.webp,345-01,335-01,43-03,
56,Beef Oxtail,Meat,Beef,56-01,69.0,"Frozen, Skinless, With Bone, High, Karim Meats",Frozen,Skinless,With Bone,High,,Karim Meats,10.5,10.0,11.55,per lb,1.0,25.46,per kg,retail per-lb price converted to per-kg (x 2.20462),,10.0,kg,"Whole / do not cut, Cut to small pieces, Cut to large pieces, Debone (remove bone), Trim excess fat, Other (please specify below)",1.0,0.454,instock,1.0,https://images.wedohalal.com/products/Oxtail-Beef-69.webp,69-01,78-01,66-01,
59,Basa Fish Fillet,Meat,Fish,59-01,73.0,"Frozen, With Skin, Boneless, Low, Karim Meats",Frozen,With Skin,Boneless,Low,,Karim Meats,6.99,10.0,7.69,per pk,1.0,7.69,per pk,pack price carried across unchanged (item is sold by the pack); MOQ = 5 kg converted to packs using the 1.76 lb pack weight,9.63,7,pk,"Whole / do not cut, Cut to small pieces, Cut to large pieces, Remove skin, Other (please specify below)",1.76,0.798,instock,1.0,https://images.wedohalal.com/products/Basa-Fillet-Fish-(800-g)-73.webp,63-01,61-01,15-05,
59,Basa Fish Fillet,Meat,Fish,59-02,79.0,"Frozen, Skinless, Boneless, Low, Karim Meats",Frozen,Skinless,Boneless,Low,,Karim Meats,10.99,10.0,12.09,per pk,1.0,12.09,per pk,pack price carried across unchanged (item is sold by the pack); MOQ = 5 kg converted to packs using the 1 lb pack weight,26.65,12,pk,"Whole / do not cut, Cut to small pieces, Cut to large pieces, Remove skin, Other (please specify below)",1.0,0.454,instock,1.0,https://images.wedohalal.com/products/Menu-Marinated-Basa-Fish-Fillet-79.webp,63-01,61-01,15-05,
61,Fish Whole,Meat,Fish,61-01,75.0,"Frozen, Skinless, With Bone, Low, Karim Meats",Frozen,Skinless,With Bone,Low,,Karim Meats,5.99,10.0,6.59,per lb,5.0,14.53,per kg,retail per-lb price converted to per-kg (x 2.20462),,5.0,kg,"Whole / do not cut, Cut to small pieces, Cut to large pieces, Debone (remove bone), Other (please specify below)",1.0,0.454,instock,1.0,https://images.wedohalal.com/products/Rahu-Fish-Whole-(Scales-Removed)-75.webp,59-02,63-01,344-01,
63,Fish Marntd Fish,Meat,Fish,63-01,77.0,"Frozen, With Skin, With Bone, Low, Karim Meats",Frozen,With Skin,With Bone,Low,,Karim Meats,13.99,10.0,15.39,per pk,1.0,15.39,per pk,pack price carried across unchanged (item is sold by the pack); MOQ = 5 kg converted to packs using the 1.76 lb pack weight,19.28,7,pk,"Whole / do not cut, Cut to small pieces, Cut to large pieces, Remove skin, Debone (remove bone), Other (please specify below)",1.76,0.798,instock,1.0,https://images.wedohalal.com/products/Menu-Marinated-Rahu-Fish-(800-g)-77.webp,59-01,61-01,15-02,
66,Beef Bones,Meat,Beef,66-01,81.0,"Frozen, Skinless, With Bone, Medium, Karim Meats",Frozen,Skinless,With Bone,Medium,,Karim Meats,3.99,10.0,4.39,per lb,2.0,9.68,per kg,retail per-lb price converted to per-kg (x 2.20462),,10.0,kg,"Whole / do not cut, Cut to small pieces, Cut to large pieces, Debone (remove bone), Trim excess fat, Other (please specify below)",1.0,0.454,instock,1.0,https://images.wedohalal.com/products/Beef-Bones-(For-Soup)-81.webp,78-01,208-01,56-01,
66,Beef Bones,Meat,Beef,66-02,1048.0,"Frozen, Skinless, With Bone, Medium, Westgate Halal",Frozen,Skinless,With Bone,Medium,,Westgate Halal,8.0,15.0,9.2,per lb,2.0,20.28,per kg,retail per-lb price converted to per-kg (x 2.20462),,10.0,kg,"Whole / do not cut, Cut to small pieces, Cut to large pieces, Debone (remove bone), Trim excess fat, Other (please specify below)",1.0,0.454,instock,1.0,https://images.wedohalal.com/products/Beef-Bones-(For-Soup)-1048.webp,78-01,208-01,56-01,
69,Beef Feet (Cow Feet),Meat,Beef,69-01,85.0,"Frozen, Skinless, With Bone, Low, Karim Meats",Frozen,Skinless,With Bone,Low,,Karim Meats,4.99,10.0,5.49,per lb,1.0,12.1,per kg,retail per-lb price converted to per-kg (x 2.20462),,10.0,kg,"Whole / do not cut, Cut to small pieces, Cut to large pieces, Debone (remove bone), Other (please specify below)",1.0,0.454,instock,1.0,https://images.wedohalal.com/products/Cow-Feet-85.webp,73-01,56-01,213-03,
69,Beef Feet (Cow Feet),Meat,Beef,69-02,289.0,"Frozen, Skinless, With Bone, Low, Westgate Halal",Frozen,Skinless,With Bone,Low,,Westgate Halal,5.09,15.0,5.85,per lb,2.0,12.9,per kg,retail per-lb price converted to per-kg (x 2.20462),,10.0,kg,"Whole / do not cut, Cut to small pieces, Cut to large pieces, Debone (remove bone), Other (please specify below)",1.0,0.454,instock,1.0,https://images.wedohalal.com/products/Cow-Feet-289.webp,73-01,56-01,213-03,
71,Goat Feet Trotters,Meat,Goat,71-01,87.0,"Frozen, With Skin, With Bone, Low, Karim Meats",Frozen,With Skin,With Bone,Low,,Karim Meats,7.99,10.0,8.79,per lb,1.0,19.38,per kg,retail per-lb price converted to per-kg (x 2.20462),,5.0,kg,"Whole / do not cut, Cut to small pieces, Cut to large pieces, Remove skin, Debone (remove bone), Other (please specify below)",1.0,0.454,instock,1.0,https://images.wedohalal.com/products/Goat-Feet-(Burnt-Skin)-87.webp,213-01,12-02,343-01,
71,Goat Feet Trotters,Meat,Goat,71-02,97.0,"Frozen, Skinless, With Bone, Low, Karim Meats",Frozen,Skinless,With Bone,Low,,Karim Meats,6.99,10.0,7.69,per lb,1.0,16.95,per kg,retail per-lb price converted to per-kg (x 2.20462),,5.0,kg,"Whole / do not cut, Cut to small pieces, Cut to large pieces, Remove skin, Debone (remove bone), Other (please specify below)",1.0,0.454,instock,1.0,https://images.wedohalal.com/products/Goat-Feet-(Washed)-97.webp,213-03,12-02,343-01,
73,Chicken Feet,Meat,Chicken,73-01,89.0,"Frozen, Skinless, With Bone, Low, Karim Meats",Frozen,Skinless,With Bone,Low,,Karim Meats,3.99,10.0,4.39,per lb,1.0,9.68,per kg,retail per-lb price converted to per-kg (x 2.20462),,10.0,kg,"Whole / do not cut, Cut to small pieces, Cut to large pieces, Debone (remove bone), Other (please specify below)",1.0,0.454,instock,1.0,https://images.wedohalal.com/products/Chicken-Feet-89.webp,69-01,213-03,71-02,
73,Chicken Feet,Meat,Chicken,73-02,287.0,"Frozen, Skinless, With Bone, Low, Westgate Halal",Frozen,Skinless,With Bone,Low,,Westgate Halal,5.09,15.0,5.85,per lb,1.0,12.9,per kg,retail per-lb price converted to per-kg (x 2.20462),,10.0,kg,"Whole / do not cut, Cut to small pieces, Cut to large pieces, Debone (remove bone), Other (please specify below)",1.0,0.454,instock,1.0,https://images.wedohalal.com/products/Chicken-Feet-287.webp,69-01,213-03,71-02,
76,Turkey Whole,Meat,Turkey,76-01,93.0,"Frozen, With Skin, With Bone, Medium, Karim Meats",Frozen,With Skin,With Bone,Medium,,Karim Meats,4.99,10.0,5.49,per lb,3.0,12.1,per kg,retail per-lb price converted to per-kg (x 2.20462),,20.0,kg,"Whole / do not cut, Cut to small pieces, Cut to large pieces, Remove skin, Debone (remove bone), Trim excess fat, Other (please specify below)",1.0,0.454,instock,1.0,https://images.wedohalal.com/products/Turkey-(Whole-With-Skin)-93.webp,1-03,45-01,342-01,
78,Beef Joints,Meat,Beef,78-01,95.0,"Frozen, Skinless, With Bone, Medium, Karim Meats",Frozen,Skinless,With Bone,Medium,,Karim Meats,3.99,10.0,4.39,per lb,1.0,9.68,per kg,retail per-lb price converted to per-kg (x 2.20462),,10.0,kg,"Whole / do not cut, Cut to small pieces, Cut to large pieces, Debone (remove bone), Trim excess fat, Other (please specify below)",1.0,0.454,instock,1.0,https://images.wedohalal.com/products/Beef-Joints-For-Soup-95.webp,66-01,56-01,208-01,
82,Beef Steak (Bavette),Meat,Beef,82-01,229.0,"Fresh, Skinless, Boneless, Medium, Westgate Halal",Fresh,Skinless,Boneless,Medium,,Westgate Halal,15.99,15.0,18.39,per lb,1.0,40.54,per kg,retail per-lb price converted to per-kg (x 2.20462),,5.0,kg,"Whole / do not cut, Cut to small pieces, Cut to large pieces, Trim excess fat, Other (please specify below)",1.0,0.454,instock,1.0,https://images.wedohalal.com/products/AAA-Topsirloin-Steak-229.webp,163-01,861-01,201-01,
82,Beef Steak (Bavette),Meat,Beef,82-02,1030.0,"Fresh, Skinless, Boneless, Medium, Westgate Halal",Fresh,Skinless,Boneless,Medium,,Westgate Halal,14.99,15.0,17.24,per lb,2.0,38.01,per kg,retail per-lb price converted to per-kg (x 2.20462),,5.0,kg,"Whole / do not cut, Cut to small pieces, Cut to large pieces, Trim excess fat, Other (please specify below)",1.0,0.454,instock,1.0,https://images.wedohalal.com/products/Bavette-Steak-(Inside-skirt)-1030.webp,163-01,861-01,201-01,
82,Beef Steak (Bavette),Meat,Beef,82-03,227.0,"Fresh, Skinless, Boneless, Medium, Westgate Halal",Fresh,Skinless,Boneless,Medium,,Westgate Halal,15.59,15.0,17.93,per lb,1.0,39.53,per kg,retail per-lb price converted to per-kg (x 2.20462),,5.0,kg,"Whole / do not cut, Cut to small pieces, Cut to large pieces, Trim excess fat, Other (please specify below)",1.0,0.454,instock,1.0,https://images.wedohalal.com/products/Topsirloin-Steak-Fat-Off-227.webp,163-01,861-01,201-01,
84,Lamb Chops (Mutton),Meat,Lamb,84-01,145.0,"Fresh, Skinless, With Bone, Medium, Alberta, Westgate Halal",Fresh,Skinless,With Bone,Medium,Alberta,Westgate Halal,21.99,15.0,25.29,per lb,1.0,55.75,per kg,retail per-lb price converted to per-kg (x 2.20462),,5.0,kg,"Whole / do not cut, Cut to small pieces, Cut to large pieces, Debone (remove bone), Trim excess fat, Other (please specify below)",1.0,0.454,instock,1.0,https://images.wedohalal.com/products/Alberta-Lamb-Chops-145.webp,6-01,340-01,45-04,
84,Lamb Chops (Mutton),Meat,Lamb,84-02,419.0,"Fresh, Skinless, With Bone, Medium, Karim Meats",Fresh,Skinless,With Bone,Medium,,Karim Meats,17.99,10.0,19.79,per lb,1.0,43.63,per kg,retail per-lb price converted to per-kg (x 2.20462),,5.0,kg,"Whole / do not cut, Cut to small pieces, Cut to large pieces, Debone (remove bone), Trim excess fat, Other (please specify below)",1.0,0.454,instock,1.0,https://images.wedohalal.com/products/Lamb-Chops-419.webp,6-01,340-01,45-04,
86,Lamb Sirloin,Meat,Lamb,86-01,223.0,"Fresh, Skinless, Boneless, Medium, Westgate Halal",Fresh,Skinless,Boneless,Medium,,Westgate Halal,12.99,15.0,14.94,per lb,1.0,32.94,per kg,retail per-lb price converted to per-kg (x 2.20462),,5.0,kg,"Whole / do not cut, Cut to small pieces, Cut to large pieces, Trim excess fat, Other (please specify below)",1.0,0.454,instock,1.0,https://images.wedohalal.com/products/Boftak-(Rouladen)-223.webp,173-01,84-01,131-01,
88,Chicken Leg,Meat,Chicken,88-01,251.0,"Fresh, With Skin, With Bone, High, Westgate Halal",Fresh,With Skin,With Bone,High,,Westgate Halal,4.19,15.0,4.82,per lb,1.0,10.63,per kg,retail per-lb price converted to per-kg (x 2.20462),,10.0,kg,"Whole / do not cut, Cut to small pieces, Cut to large pieces, Remove skin, Debone (remove bone), Trim excess fat, Other (please specify below)",1.0,0.454,instock,1.0,https://images.wedohalal.com/products/Back-Attached-Legs-251.webp,149-01,187-01,28-04,
88,Chicken Leg,Meat,Chicken,88-02,181.0,"Fresh, Skinless, With Bone, Medium, Westgate Halal",Fresh,Skinless,With Bone,Medium,,Westgate Halal,5.99,15.0,6.89,per lb,2.0,15.19,per kg,retail per-lb price converted to per-kg (x 2.20462),,10.0,kg,"Whole / do not cut, Cut to small pieces, Cut to large pieces, Remove skin, Debone (remove bone), Trim excess fat, Other (please specify below)",1.0,0.454,instock,1.0,https://images.wedohalal.com/products/Marinated-Spicy-Skinless-Chicken-Legs-181.webp,149-02,187-01,28-02,
88,Chicken Leg,Meat,Chicken,88-03,249.0,"Fresh, Skinless, Boneless, Low, Westgate Halal",Fresh,Skinless,Boneless,Low,,Westgate Halal,5.19,15.0,5.97,per lb,2.0,13.16,per kg,retail per-lb price converted to per-kg (x 2.20462),,10.0,kg,"Whole / do not cut, Cut to small pieces, Cut to large pieces, Remove skin, Debone (remove bone), Trim excess fat, Other (please specify below)",1.0,0.454,instock,1.0,https://images.wedohalal.com/products/Skinless-Leg-249.webp,149-01,187-01,28-05,
93,Lamb Steak,Meat,Lamb,93-01,147.0,"Fresh, Skinless, Boneless, Medium, Westgate Halal",Fresh,Skinless,Boneless,Medium,,Westgate Halal,16.99,15.0,19.54,per lb,1.0,43.08,per kg,retail per-lb price converted to per-kg (x 2.20462),,5.0,kg,"Whole / do not cut, Cut to small pieces, Cut to large pieces, Trim excess fat, Other (please specify below)",1.0,0.454,instock,1.0,https://images.wedohalal.com/products/Boneless-Lamb-Steak-147.webp,250-01,333-01,201-01,
93,Lamb Steak,Meat,Lamb,93-02,517.0,"Fresh, Skinless, Boneless, Medium, Karim Meats",Fresh,Skinless,Boneless,Medium,,Karim Meats,20.79,10.0,22.87,per lb,1.0,50.42,per kg,retail per-lb price converted to per-kg (x 2.20462),,5.0,kg,"Whole / do not cut, Cut to small pieces, Cut to large pieces, Trim excess fat, Other (please specify below)",1.0,0.454,instock,1.0,https://images.wedohalal.com/products/Boneless-Lamb-Steak-517.webp,250-01,333-01,201-01,
93,Lamb Steak,Meat,Lamb,93-03,1049.0,"Frozen, Skinless, Boneless, Medium, Karim Meats",Frozen,Skinless,Boneless,Medium,,Karim Meats,15.99,10.0,17.59,per lb,1.0,38.78,per kg,retail per-lb price converted to per-kg (x 2.20462),,5.0,kg,"Whole / do not cut, Cut to small pieces, Cut to large pieces, Trim excess fat, Other (please specify below)",1.0,0.454,instock,1.0,https://images.wedohalal.com/products/Boneless-Lamb-Steak-1049.webp,250-01,333-02,201-01,
96,Lamb Meatballs,Meat,Lamb,96-01,103.0,"Fresh, Skinless, Boneless, Medium, Westgate Halal",Fresh,Skinless,Boneless,Medium,,Westgate Halal,7.99,15.0,9.19,per lb,1.0,20.26,per kg,retail per-lb price converted to per-kg (x 2.20462),,5.0,kg,"Whole / do not cut, Cut to small pieces, Cut to large pieces, Trim excess fat, Other (please specify below)",1.0,0.454,instock,1.0,https://images.wedohalal.com/products/Kafta-Meatballs-103.webp,192-01,98-01,860-01,
98,Lamb Kabob,Meat,Lamb,98-01,105.0,"Fresh, Skinless, Boneless, Medium, Westgate Halal",Fresh,Skinless,Boneless,Medium,,Westgate Halal,9.09,15.0,10.45,per lb,1.0,23.04,per kg,retail per-lb price converted to per-kg (x 2.20462),,5.0,kg,"Whole / do not cut, Cut to small pieces, Cut to large pieces, Trim excess fat, Other (please specify below)",1.0,0.454,instock,1.0,https://images.wedohalal.com/products/Lamb-&-Beef-Kafta-Kabob-Mix-105.webp,30-04,128-01,203-01,
98,Lamb Kabob,Meat,Lamb,98-02,1026.0,"Fresh, Skinless, Boneless, Medium, Westgate Halal",Fresh,Skinless,Boneless,Medium,,Westgate Halal,16.99,15.0,19.54,per lb,1.0,43.08,per kg,retail per-lb price converted to per-kg (x 2.20462),,5.0,kg,"Whole / do not cut, Cut to small pieces, Cut to large pieces, Trim excess fat, Other (please specify below)",1.0,0.454,instock,1.0,https://images.wedohalal.com/products/Lamb-Shish-Kabab-1026.webp,30-04,128-01,203-01,
98,Lamb Kabob,Meat,Lamb,98-03,121.0,"Fresh, Skinless, Boneless, Medium, Westgate Halal",Fresh,Skinless,Boneless,Medium,,Westgate Halal,8.99,15.0,10.34,per lb,1.0,22.8,per kg,retail per-lb price converted to per-kg (x 2.20462),,5.0,kg,"Whole / do not cut, Cut to small pieces, Cut to large pieces, Trim excess fat, Other (please specify below)",1.0,0.454,instock,1.0,https://images.wedohalal.com/products/Turkish-Adana-Kabob-121.webp,30-04,128-01,203-01,
103,Lamb Heart,Meat,Lamb,103-01,115.0,"Fresh, Skinless, Boneless, Low, Westgate Halal",Fresh,Skinless,Boneless,Low,,Westgate Halal,12.99,15.0,14.94,per lb,1.0,32.94,per kg,retail per-lb price converted to per-kg (x 2.20462),,5.0,kg,"Whole / do not cut, Sliced, Other (please specify below)",1.0,0.454,instock,1.0,https://images.wedohalal.com/products/Lamb-Heart-115.webp,336-01,338-01,339-01,
105,Lamb HeartKidney,Meat,Lamb,105-01,422.0,"Fresh, Skinless, Boneless, Low, Karim Meats",Fresh,Skinless,Boneless,Low,,Karim Meats,8.99,10.0,9.89,per lb,1.0,21.8,per kg,retail per-lb price converted to per-kg (x 2.20462),,5.0,kg,"Whole / do not cut, Sliced, Other (please specify below)",1.0,0.454,instock,1.0,https://images.wedohalal.com/products/Lamb-Heart-&-Kidney-422.webp,9-01,110-01,103-01,
107,Lamb Kidney,Meat,Lamb,107-01,119.0,"Fresh, Skinless, Boneless, Low, Westgate Halal",Fresh,Skinless,Boneless,Low,,Westgate Halal,16.09,15.0,18.5,per lb,1.0,40.79,per kg,retail per-lb price converted to per-kg (x 2.20462),,5.0,kg,"Whole / do not cut, Sliced, Other (please specify below)",1.0,0.454,instock,1.0,https://images.wedohalal.com/products/Lamb-Kidney-119.webp,110-01,134-01,336-01,
110,Lamb Liver,Meat,Lamb,110-01,111.0,"Fresh, Skinless, Boneless, Low, Westgate Halal",Fresh,Skinless,Boneless,Low,,Westgate Halal,13.99,15.0,16.09,per lb,1.0,35.47,per kg,retail per-lb price converted to per-kg (x 2.20462),,5.0,kg,"Whole / do not cut, Sliced, Other (please specify below)",1.0,0.454,instock,1.0,https://images.wedohalal.com/products/Lamb-Liver-111.webp,11-01,107-01,105-01,
110,Lamb Liver,Meat,Lamb,110-02,424.0,"Fresh, Skinless, Boneless, Low, Karim Meats",Fresh,Skinless,Boneless,Low,,Karim Meats,10.99,10.0,12.09,per lb,1.0,26.65,per kg,retail per-lb price converted to per-kg (x 2.20462),,5.0,kg,"Whole / do not cut, Sliced, Other (please specify below)",1.0,0.454,instock,1.0,https://images.wedohalal.com/products/Lamb-Liver-424.webp,11-01,107-01,105-01,
112,Goat Neck,Meat,Goat,112-01,141.0,"Fresh, Skinless, With Bone, Medium, Westgate Halal",Fresh,Skinless,With Bone,Medium,,Westgate Halal,12.99,15.0,14.94,per lb,1.0,32.94,per kg,retail per-lb price converted to per-kg (x 2.20462),,5.0,kg,"Whole / do not cut, Cut to small pieces, Cut to large pieces, Debone (remove bone), Trim excess fat, Other (please specify below)",1.0,0.454,instock,1.0,https://images.wedohalal.com/products/Goat-Neck-141.webp,131-01,199-01,335-01,
112,Goat Neck,Meat,Goat,112-02,441.0,"Fresh, Skinless, With Bone, Medium, Karim Meats",Fresh,Skinless,With Bone,Medium,,Karim Meats,13.99,10.0,15.39,per lb,1.0,33.93,per kg,retail per-lb price converted to per-kg (x 2.20462),,5.0,kg,"Whole / do not cut, Cut to small pieces, Cut to large pieces, Debone (remove bone), Trim excess fat, Other (please specify below)",1.0,0.454,instock,1.0,https://images.wedohalal.com/products/Goat-Neck-441.webp,131-01,199-01,335-01,
112,Goat Neck,Meat,Goat,112-03,519.0,"Frozen, Skinless, With Bone, Medium, Karim Meats",Frozen,Skinless,With Bone,Medium,,Karim Meats,14.99,10.0,16.49,per lb,1.0,36.35,per kg,retail per-lb price converted to per-kg (x 2.20462),,5.0,kg,"Whole / do not cut, Cut to small pieces, Cut to large pieces, Debone (remove bone), Trim excess fat, Other (please specify below)",1.0,0.454,instock,1.0,https://images.wedohalal.com/products/Goat-Neck-519.webp,131-03,199-01,335-01,
112,Goat Neck,Meat,Goat,112-04,521.0,"Frozen, Skinless, With Bone, Medium, Westgate Halal",Frozen,Skinless,With Bone,Medium,,Westgate Halal,12.99,15.0,14.94,per lb,1.0,32.94,per kg,retail per-lb price converted to per-kg (x 2.20462),,5.0,kg,"Whole / do not cut, Cut to small pieces, Cut to large pieces, Debone (remove bone), Trim excess fat, Other (please specify below)",1.0,0.454,instock,1.0,https://images.wedohalal.com/products/Goat-Neck-521.webp,131-03,199-01,335-01,
115,Lamb Lungs,Meat,Lamb,115-01,421.0,"Fresh, Skinless, Boneless, Low, Karim Meats",Fresh,Skinless,Boneless,Low,,Karim Meats,5.99,10.0,6.59,per lb,1.0,14.53,per kg,retail per-lb price converted to per-kg (x 2.20462),,5.0,kg,"Whole / do not cut, Cut to small pieces, Cut to large pieces, Other (please specify below)",1.0,0.454,instock,1.0,https://images.wedohalal.com/products/Lamb-Lungs-421.webp,8-01,338-01,336-01,
117,Lamb Muscles,Meat,Lamb,117-01,418.0,"Fresh, Skinless, With Bone, Medium, Karim Meats",Fresh,Skinless,With Bone,Medium,,Karim Meats,15.99,10.0,17.59,per lb,1.0,38.78,per kg,retail per-lb price converted to per-kg (x 2.20462),,5.0,kg,"Whole / do not cut, Cut to small pieces, Cut to large pieces, Debone (remove bone), Trim excess fat, Other (please specify below)",1.0,0.454,instock,1.0,https://images.wedohalal.com/products/Lamb-Mix-Plate-(All-Muscles)-418.webp,5-01,54-02,340-01,
121,Beef Chuck Roast,Meat,Beef,121-01,161.0,"Fresh, Skinless, Boneless, Medium, Westgate Halal",Fresh,Skinless,Boneless,Medium,,Westgate Halal,13.99,15.0,16.09,per lb,2.0,35.47,per kg,retail per-lb price converted to per-kg (x 2.20462),,10.0,kg,"Whole / do not cut, Cut to small pieces, Cut to large pieces, Trim excess fat, Other (please specify below)",1.0,0.454,instock,1.0,https://images.wedohalal.com/products/Beef-Chuck-Roast-161.webp,123-01,16-01,173-01,
121,Beef Chuck Roast,Meat,Beef,121-02,515.0,"Fresh, Skinless, Boneless, Medium, Karim Meats",Fresh,Skinless,Boneless,Medium,,Karim Meats,10.99,10.0,12.09,per lb,2.0,26.65,per kg,retail per-lb price converted to per-kg (x 2.20462),,10.0,kg,"Whole / do not cut, Cut to small pieces, Cut to large pieces, Trim excess fat, Other (please specify below)",1.936,0.878,instock,1.0,https://images.wedohalal.com/products/Beef-Chuck-Roast-515.webp,123-01,16-01,173-01,
123,Beef Eye of Rnd,Meat,Beef,123-01,163.0,"Fresh, Skinless, Boneless, Medium, Westgate Halal",Fresh,Skinless,Boneless,Medium,,Westgate Halal,12.99,15.0,14.94,per lb,1.0,32.94,per kg,retail per-lb price converted to per-kg (x 2.20462),,10.0,kg,"Whole / do not cut, Cut to small pieces, Cut to large pieces, Trim excess fat, Other (please specify below)",1.0,0.454,instock,1.0,https://images.wedohalal.com/products/Beef-Eye-Of-Round-Sandwich-Steak-163.webp,121-01,169-01,173-01,
123,Beef Eye of Rnd,Meat,Beef,123-02,157.0,"Fresh, Skinless, Boneless, Medium, Westgate Halal",Fresh,Skinless,Boneless,Medium,,Westgate Halal,8.99,15.0,10.34,per lb,2.0,22.8,per kg,retail per-lb price converted to per-kg (x 2.20462),,10.0,kg,"Whole / do not cut, Cut to small pieces, Cut to large pieces, Trim excess fat, Other (please specify below)",1.0,0.454,instock,1.0,https://images.wedohalal.com/products/Beef-Eye-Round-Roast-157.webp,121-01,169-01,173-01,
123,Beef Eye of Rnd,Meat,Beef,123-03,1052.0,"Fresh, Skinless, Boneless, Medium, Karim Meats",Fresh,Skinless,Boneless,Medium,,Karim Meats,12.99,10.0,14.29,per lb,1.0,31.5,per kg,retail per-lb price converted to per-kg (x 2.20462),,10.0,kg,"Whole / do not cut, Cut to small pieces, Cut to large pieces, Trim excess fat, Other (please specify below)",1.0,0.454,instock,1.0,https://images.wedohalal.com/products/Beef-Eye-Of-Round-Sandwich-Steak-1052.webp,121-01,169-01,173-01,
126,Beef Heart,Meat,Beef,126-01,123.0,"Fresh, Skinless, Boneless, Low, Westgate Halal",Fresh,Skinless,Boneless,Low,,Westgate Halal,4.09,15.0,4.7,per lb,1.0,10.36,per kg,retail per-lb price converted to per-kg (x 2.20462),,10.0,kg,"Whole / do not cut, Sliced, Other (please specify below)",1.0,0.454,instock,1.0,https://images.wedohalal.com/products/Beef-Heart-123.webp,134-01,103-01,206-01,
126,Beef Heart,Meat,Beef,126-02,1034.0,"Fresh, Skinless, Boneless, Low, Karim Meats",Fresh,Skinless,Boneless,Low,,Karim Meats,3.67,10.0,4.04,per lb,1.0,8.91,per kg,retail per-lb price converted to per-kg (x 2.20462),,10.0,kg,"Whole / do not cut, Sliced, Other (please specify below)",1.0,0.454,instock,1.0,https://images.wedohalal.com/products/Beef-Heart-1034.webp,134-01,103-01,206-01,
128,Beef Kafta,Meat,Beef,128-01,99.0,"Fresh, Skinless, Boneless, Medium, Westgate Halal",Fresh,Skinless,Boneless,Medium,,Westgate Halal,7.99,15.0,9.19,per lb,1.0,20.26,per kg,retail per-lb price converted to per-kg (x 2.20462),,10.0,kg,"Whole / do not cut, Cut to small pieces, Cut to large pieces, Trim excess fat, Other (please specify below)",1.0,0.454,instock,1.0,https://images.wedohalal.com/products/Beef-Kafta-99.webp,30-04,98-01,192-01,
131,Lamb Neck,Meat,Lamb,131-01,127.0,"Fresh, Skinless, With Bone, Medium, Westgate Halal",Fresh,Skinless,With Bone,Medium,,Westgate Halal,14.99,15.0,17.24,per lb,1.0,38.01,per kg,retail per-lb price converted to per-kg (x 2.20462),,5.0,kg,"Whole / do not cut, Cut to small pieces, Cut to large pieces, Debone (remove bone), Trim excess fat, Other (please specify below)",1.0,0.454,instock,1.0,https://images.wedohalal.com/products/Lamb-Neck-127.webp,112-01,335-01,54-02,
131,Lamb Neck,Meat,Lamb,131-02,417.0,"Fresh, Skinless, With Bone, Medium, Karim Meats",Fresh,Skinless,With Bone,Medium,,Karim Meats,16.99,10.0,18.69,per lb,1.0,41.2,per kg,retail per-lb price converted to per-kg (x 2.20462),,5.0,kg,"Whole / do not cut, Cut to small pieces, Cut to large pieces, Debone (remove bone), Trim excess fat, Other (please specify below)",1.0,0.454,instock,1.0,https://images.wedohalal.com/products/Lamb-Neck-417.webp,112-01,335-01,54-02,
131,Lamb Neck,Meat,Lamb,131-03,518.0,"Frozen, Skinless, With Bone, Medium, Karim Meats",Frozen,Skinless,With Bone,Medium,,Karim Meats,12.99,10.0,14.29,per lb,1.0,31.5,per kg,retail per-lb price converted to per-kg (x 2.20462),,5.0,kg,"Whole / do not cut, Cut to small pieces, Cut to large pieces, Debone (remove bone), Trim excess fat, Other (please specify below)",1.0,0.454,instock,1.0,https://images.wedohalal.com/products/Lamb-Neck-518.webp,112-03,335-01,54-01,
131,Lamb Neck,Meat,Lamb,131-04,520.0,"Frozen, Skinless, With Bone, Medium, Westgate Halal",Frozen,Skinless,With Bone,Medium,,Westgate Halal,12.99,15.0,14.94,per lb,1.0,32.94,per kg,retail per-lb price converted to per-kg (x 2.20462),,5.0,kg,"Whole / do not cut, Cut to small pieces, Cut to large pieces, Debone (remove bone), Trim excess fat, Other (please specify below)",1.0,0.454,instock,1.0,https://images.wedohalal.com/products/Lamb-Neck-520.webp,112-03,335-01,54-01,
134,Beef Kidney,Meat,Beef,134-01,155.0,"Fresh, Skinless, Boneless, Low, Westgate Halal",Fresh,Skinless,Boneless,Low,,Westgate Halal,3.99,15.0,4.59,per lb,1.0,10.12,per kg,retail per-lb price converted to per-kg (x 2.20462),,10.0,kg,"Whole / do not cut, Sliced, Other (please specify below)",1.0,0.454,instock,1.0,https://images.wedohalal.com/products/Beef-Kidney-155.webp,206-01,126-01,107-01,
134,Beef Kidney,Meat,Beef,134-02,1035.0,"Fresh, Skinless, Boneless, Low, Karim Meats",Fresh,Skinless,Boneless,Low,,Karim Meats,6.75,10.0,7.43,per lb,1.0,16.38,per kg,retail per-lb price converted to per-kg (x 2.20462),,10.0,kg,"Whole / do not cut, Sliced, Other (please specify below)",1.0,0.454,instock,1.0,https://images.wedohalal.com/products/Beef-Kidney-1035.webp,206-01,126-01,107-01,
136,Beef Liver,Meat,Beef,136-01,1020.0,"Fresh, Skinless, Boneless, Medium, Westgate Halal",Fresh,Skinless,Boneless,Medium,,Westgate Halal,3.99,15.0,4.59,per lb,1.0,10.12,per kg,retail per-lb price converted to per-kg (x 2.20462),,10.0,kg,"Whole / do not cut, Sliced, Other (please specify below)",0,0.0,instock,1.0,https://images.wedohalal.com/products/Beef-Liver-1020.webp,134-01,24-01,206-01,"weight is 0 in the source catalog, needs a real pack weight"
136,Beef Liver,Meat,Beef,136-02,1036.0,"Fresh, Skinless, Boneless, Medium, Karim Meats",Fresh,Skinless,Boneless,Medium,,Karim Meats,5.99,10.0,6.59,per lb,1.0,14.53,per kg,retail per-lb price converted to per-kg (x 2.20462),,10.0,kg,"Whole / do not cut, Sliced, Other (please specify below)",1.0,0.454,instock,1.0,https://images.wedohalal.com/products/Beef-Liver-1036.webp,134-01,24-01,206-01,
141,Chicken Sausage,Meat,Chicken,141-01,175.0,"Fresh, Skinless, Boneless, Medium, Westgate Halal",Fresh,Skinless,Boneless,Medium,,Westgate Halal,16.89,15.0,19.42,per lb,1.0,42.81,per kg,retail per-lb price converted to per-kg (x 2.20462),,10.0,kg,"Whole / do not cut, Cut to small pieces, Cut to large pieces, Trim excess fat, Other (please specify below)",1.0,0.454,instock,1.0,https://images.wedohalal.com/products/Chicken-Sausage-175.webp,197-01,31-03,157-01,
143,Chicken Shawarma,Meat,Chicken,143-01,201.0,"Fresh, Skinless, Boneless, Medium, Westgate Halal",Fresh,Skinless,Boneless,Medium,,Westgate Halal,9.99,15.0,11.49,per lb,1.0,25.33,per kg,retail per-lb price converted to per-kg (x 2.20462),,10.0,kg,"Whole / do not cut, Cut to small pieces, Cut to large pieces, Trim excess fat, Other (please specify below)",1.0,0.454,instock,1.0,https://images.wedohalal.com/products/Chicken-Shawarma-201.webp,149-02,31-03,197-01,
145,Beef Pho,Meat,Beef,145-01,259.0,"Fresh, Skinless, With Bone, Medium, Westgate Halal",Fresh,Skinless,With Bone,Medium,,Westgate Halal,11.69,15.0,13.44,per lb,1.0,29.63,per kg,retail per-lb price converted to per-kg (x 2.20462),,10.0,kg,"Whole / do not cut, Cut to small pieces, Cut to large pieces, Debone (remove bone), Trim excess fat, Other (please specify below)",1.0,0.454,instock,1.0,https://images.wedohalal.com/products/Beef-Pho-259.webp,208-01,121-01,864-01,
149,Chicken Drumsticks,Meat,Chicken,149-01,241.0,"Fresh, With Skin, With Bone, High, Westgate Halal",Fresh,With Skin,With Bone,High,,Westgate Halal,4.49,15.0,5.16,per lb,2.0,11.38,per kg,retail per-lb price converted to per-kg (x 2.20462),,10.0,kg,"Whole / do not cut, Cut to small pieces, Cut to large pieces, Remove skin, Debone (remove bone), Trim excess fat, Other (please specify below)",1.0,0.454,instock,1.0,https://images.wedohalal.com/products/Drumstick-Legs-241.webp,88-01,187-01,28-04,
149,Chicken Drumsticks,Meat,Chicken,149-02,179.0,"Fresh, With Skin, With Bone, Medium, Westgate Halal",Fresh,With Skin,With Bone,Medium,,Westgate Halal,4.99,15.0,5.74,per lb,1.0,12.65,per kg,retail per-lb price converted to per-kg (x 2.20462),,10.0,kg,"Whole / do not cut, Cut to small pieces, Cut to large pieces, Remove skin, Debone (remove bone), Trim excess fat, Other (please specify below)",1.0,0.454,instock,1.0,https://images.wedohalal.com/products/Marinated-Drumsticks-Legs-179.webp,88-01,187-01,28-04,
157,Beef Sausage,Meat,Beef,157-01,169.0,"Fresh, Skinless, Boneless, Medium, Westgate Halal",Fresh,Skinless,Boneless,Medium,,Westgate Halal,14.29,15.0,16.43,per lb,1.0,36.22,per kg,retail per-lb price converted to per-kg (x 2.20462),,10.0,kg,"Whole / do not cut, Cut to small pieces, Cut to large pieces, Trim excess fat, Other (please specify below)",1.0,0.454,instock,1.0,https://images.wedohalal.com/products/Beef-Sausage-169.webp,863-01,251-01,862-01,
157,Beef Sausage,Meat,Beef,157-02,171.0,"Fresh, Skinless, Boneless, Medium, Westgate Halal",Fresh,Skinless,Boneless,Medium,,Westgate Halal,12.99,15.0,14.94,per lb,1.0,32.94,per kg,retail per-lb price converted to per-kg (x 2.20462),,10.0,kg,"Whole / do not cut, Cut to small pieces, Cut to large pieces, Trim excess fat, Other (please specify below)",1.0,0.454,instock,1.0,https://images.wedohalal.com/products/Sojuk-Beef-171.webp,863-01,251-01,862-01,
157,Beef Sausage,Meat,Beef,157-03,331.0,"Fresh, Skinless, Boneless, Medium, Westgate Halal",Fresh,Skinless,Boneless,Medium,,Westgate Halal,15.59,15.0,17.93,per lb,1.0,39.53,per kg,retail per-lb price converted to per-kg (x 2.20462),,10.0,kg,"Whole / do not cut, Cut to small pieces, Cut to large pieces, Trim excess fat, Other (please specify below)",1.0,0.454,instock,1.0,https://images.wedohalal.com/products/Tunisian-Merguez-Sausage-331.webp,863-01,251-01,862-01,
160,Beef Shawarma,Meat,Beef,160-01,1032.0,"Fresh, Skinless, Boneless, Medium, Westgate Halal",Fresh,Skinless,Boneless,Medium,,Westgate Halal,14.99,15.0,17.24,per lb,1.0,38.01,per kg,retail per-lb price converted to per-kg (x 2.20462),,10.0,kg,"Whole / do not cut, Cut to small pieces, Cut to large pieces, Trim excess fat, Other (please specify below)",1.0,0.454,instock,1.0,https://images.wedohalal.com/products/Beef-Shawarma-1032.webp,176-01,251-01,192-01,
163,Beef Skirt Steak,Meat,Beef,163-01,151.0,"Fresh, Skinless, Boneless, Medium, Westgate Halal",Fresh,Skinless,Boneless,Medium,,Westgate Halal,11.99,15.0,13.79,per lb,1.0,30.4,per kg,retail per-lb price converted to per-kg (x 2.20462),,5.0,kg,"Whole / do not cut, Cut to small pieces, Cut to large pieces, Trim excess fat, Other (please specify below)",1.0,0.454,instock,1.0,https://images.wedohalal.com/products/Beef-Skirt-Steak-151.webp,82-01,201-01,250-01,
165,Lamb Ribs,Meat,Lamb,165-01,139.0,"Fresh, Skinless, With Bone, High, Westgate Halal",Fresh,Skinless,With Bone,High,,Westgate Halal,13.99,15.0,16.09,per lb,2.0,35.47,per kg,retail per-lb price converted to per-kg (x 2.20462),,5.0,kg,"Whole / do not cut, Cut to small pieces, Cut to large pieces, Full rack, Half rack, Debone (remove bone), Trim excess fat, Other (please specify below)",1.0,0.454,instock,1.0,https://images.wedohalal.com/products/Lamb-Ribs-139.webp,13-01,45-04,43-03,
165,Lamb Ribs,Meat,Lamb,165-02,426.0,"Fresh, Skinless, With Bone, High, Karim Meats",Fresh,Skinless,With Bone,High,,Karim Meats,15.99,10.0,17.59,per lb,1.0,38.78,per kg,retail per-lb price converted to per-kg (x 2.20462),,5.0,kg,"Whole / do not cut, Cut to small pieces, Cut to large pieces, Full rack, Half rack, Debone (remove bone), Trim excess fat, Other (please specify below)",1.0,0.454,instock,1.0,https://images.wedohalal.com/products/Lamb-Ribs-426.webp,13-01,45-04,43-03,
165,Lamb Ribs,Meat,Lamb,165-03,427.0,"Frozen, Skinless, With Bone, High, Karim Meats",Frozen,Skinless,With Bone,High,,Karim Meats,10.99,10.0,12.09,per lb,1.0,26.65,per kg,retail per-lb price converted to per-kg (x 2.20462),,5.0,kg,"Whole / do not cut, Cut to small pieces, Cut to large pieces, Full rack, Half rack, Debone (remove bone), Trim excess fat, Other (please specify below)",1.0,0.454,instock,1.0,https://images.wedohalal.com/products/Lamb-Ribs-427.webp,13-02,45-01,43-01,
169,Beef Stir Fry,Meat,Beef,169-01,221.0,"Fresh, Skinless, Boneless, Medium, Westgate Halal",Fresh,Skinless,Boneless,Medium,,Westgate Halal,12.99,15.0,14.94,per lb,1.0,32.94,per kg,retail per-lb price converted to per-kg (x 2.20462),,10.0,kg,"Whole / do not cut, Cut to small pieces, Cut to large pieces, Trim excess fat, Other (please specify below)",1.0,0.454,instock,1.0,https://images.wedohalal.com/products/Beef-Stir-Fry-221.webp,252-01,82-01,123-01,
173,Beef Sirloin (Flat Iron),Meat,Beef,173-01,333.0,"Fresh, Skinless, Boneless, Medium, Westgate Halal",Fresh,Skinless,Boneless,Medium,,Westgate Halal,13.99,15.0,16.09,per lb,1.0,35.47,per kg,retail per-lb price converted to per-kg (x 2.20462),,5.0,kg,"Whole / do not cut, Cut to small pieces, Cut to large pieces, Trim excess fat, Other (please specify below)",1.0,0.454,instock,1.0,https://images.wedohalal.com/products/Boftak-(Rouladen)-333.webp,86-01,861-01,121-01,
173,Beef Sirloin (Flat Iron),Meat,Beef,173-02,183.0,"Fresh, Skinless, Boneless, Medium, Westgate Halal",Fresh,Skinless,Boneless,Medium,,Westgate Halal,11.99,15.0,13.79,per lb,1.0,30.4,per kg,retail per-lb price converted to per-kg (x 2.20462),,5.0,kg,"Whole / do not cut, Cut to small pieces, Cut to large pieces, Trim excess fat, Other (please specify below)",1.0,0.454,instock,1.0,"https://images.wedohalal.com/products/Flat-Iron-Steak,-Sirlion-Tip-183.webp",86-01,861-01,121-01,
173,Beef Sirloin (Flat Iron),Meat,Beef,173-03,159.0,"Fresh, Skinless, Boneless, Medium, Westgate Halal",Fresh,Skinless,Boneless,Medium,,Westgate Halal,8.99,15.0,10.34,per lb,3.0,22.8,per kg,retail per-lb price converted to per-kg (x 2.20462),,5.0,kg,"Whole / do not cut, Cut to small pieces, Cut to large pieces, Trim excess fat, Other (please specify below)",1.0,0.454,instock,1.0,https://images.wedohalal.com/products/Tip-Sirloin-Roast-159.webp,86-01,861-01,121-01,
176,Beef Burger,Meat,Beef,176-01,261.0,"Fresh, Skinless, Boneless, Medium, Westgate Halal",Fresh,Skinless,Boneless,Medium,,Westgate Halal,15.59,15.0,17.93,per lb,1.0,39.53,per kg,retail per-lb price converted to per-kg (x 2.20462),,10.0,kg,"Whole / do not cut, Cut to small pieces, Cut to large pieces, Trim excess fat, Other (please specify below)",1.0,0.454,instock,1.0,https://images.wedohalal.com/products/Buffalo-Burger-261.webp,203-01,251-01,860-01,
176,Beef Burger,Meat,Beef,176-02,263.0,"Frozen, Skinless, Boneless, Medium, Westgate Halal",Frozen,Skinless,Boneless,Medium,,Westgate Halal,10.39,15.0,11.95,per lb,2.0,26.35,per kg,retail per-lb price converted to per-kg (x 2.20462),,10.0,kg,"Whole / do not cut, Cut to small pieces, Cut to large pieces, Trim excess fat, Other (please specify below)",1.0,0.454,instock,1.0,https://images.wedohalal.com/products/Donair-Burger-263.webp,203-01,251-01,860-01,
176,Beef Burger,Meat,Beef,176-03,334.0,"Frozen, Skinless, Boneless, Medium, Westgate Halal",Frozen,Skinless,Boneless,Medium,,Westgate Halal,11.69,15.0,13.44,per lb,2.0,29.63,per kg,retail per-lb price converted to per-kg (x 2.20462),,10.0,kg,"Whole / do not cut, Cut to small pieces, Cut to large pieces, Trim excess fat, Other (please specify below)",1.0,0.454,instock,1.0,https://images.wedohalal.com/products/Lamb-&-Beef-Burger-334.webp,203-01,251-01,860-01,
187,Chicken Skinless,Meat,Chicken,187-01,253.0,"Fresh, Skinless, Boneless, Low, Westgate Halal",Fresh,Skinless,Boneless,Low,,Westgate Halal,5.19,15.0,5.97,per lb,2.0,13.16,per kg,retail per-lb price converted to per-kg (x 2.20462),,10.0,kg,"Whole / do not cut, Cut to small pieces, Cut to large pieces, Other (please specify below)",1.0,0.454,instock,1.0,https://images.wedohalal.com/products/Skinless-Cut-Chicken-253.webp,28-05,88-03,149-01,
192,Beef Meatballs,Meat,Beef,192-01,327.0,"Fresh, Skinless, Boneless, Medium, Westgate Halal",Fresh,Skinless,Boneless,Medium,,Westgate Halal,7.99,15.0,9.19,per lb,1.0,20.26,per kg,retail per-lb price converted to per-kg (x 2.20462),,10.0,kg,"Whole / do not cut, Cut to small pieces, Cut to large pieces, Trim excess fat, Other (please specify below)",1.0,0.454,instock,1.0,https://images.wedohalal.com/products/Kafta-Meatballs-327.webp,96-01,128-01,33-01,
197,Chicken Burger,Meat,Chicken,197-01,265.0,"Frozen, Skinless, Boneless, Medium, Westgate Halal",Frozen,Skinless,Boneless,Medium,,Westgate Halal,11.69,15.0,13.44,per lb,1.0,29.63,per kg,retail per-lb price converted to per-kg (x 2.20462),,10.0,kg,"Whole / do not cut, Cut to small pieces, Cut to large pieces, Trim excess fat, Other (please specify below)",1.0,0.454,instock,1.0,https://images.wedohalal.com/products/Chicken-Burger-265.webp,187-01,149-02,28-01,
199,Goat Stew,Meat,Goat,199-01,267.0,"Frozen, Skinless, With Bone, Medium, Westgate Halal",Frozen,Skinless,With Bone,Medium,,Westgate Halal,19.49,15.0,22.41,per lb,1.0,49.41,per kg,retail per-lb price converted to per-kg (x 2.20462),,5.0,kg,"Whole / do not cut, Cut to small pieces, Cut to large pieces, Debone (remove bone), Trim excess fat, Other (please specify below)",1.0,0.454,instock,1.0,https://images.wedohalal.com/products/Goat-Stew-267.webp,335-01,112-03,54-01,
199,Goat Stew,Meat,Goat,199-02,281.0,"Frozen, Skinless, With Bone, Medium, Westgate Halal",Frozen,Skinless,With Bone,Medium,,Westgate Halal,14.29,15.0,16.43,per lb,1.0,36.22,per kg,retail per-lb price converted to per-kg (x 2.20462),,5.0,kg,"Whole / do not cut, Cut to small pieces, Cut to large pieces, Debone (remove bone), Trim excess fat, Other (please specify below)",1.0,0.454,instock,1.0,https://images.wedohalal.com/products/Frozen-Goat-Stew-281.webp,335-01,112-03,54-01,
201,Beef Flank,Meat,Beef,201-01,269.0,"Frozen, Skinless, Boneless, Medium, Westgate Halal",Frozen,Skinless,Boneless,Medium,,Westgate Halal,18.19,15.0,20.92,per lb,2.0,46.12,per kg,retail per-lb price converted to per-kg (x 2.20462),,10.0,kg,"Whole / do not cut, Cut to small pieces, Cut to large pieces, Trim excess fat, Other (please specify below)",1.0,0.454,instock,1.0,https://images.wedohalal.com/products/Beef-Flank-269.webp,861-01,163-01,82-01,
203,Lamb Burger,Meat,Lamb,203-01,271.0,"Frozen, Skinless, Boneless, Medium, Westgate Halal",Frozen,Skinless,Boneless,Medium,,Westgate Halal,11.69,15.0,13.44,per lb,2.0,29.63,per kg,retail per-lb price converted to per-kg (x 2.20462),,5.0,kg,"Whole / do not cut, Cut to small pieces, Cut to large pieces, Trim excess fat, Other (please specify below)",1.0,0.454,instock,1.0,https://images.wedohalal.com/products/Lamb-&-Beef-Burger-271.webp,176-02,860-01,98-01,
206,Beef Spleen,Meat,Beef,206-01,275.0,"Frozen, Skinless, Boneless, Low, Westgate Halal",Frozen,Skinless,Boneless,Low,,Westgate Halal,3.89,15.0,4.47,per lb,2.0,9.85,per kg,retail per-lb price converted to per-kg (x 2.20462),,10.0,kg,"Whole / do not cut, Cut to small pieces, Cut to large pieces, Other (please specify below)",1.0,0.454,instock,1.0,https://images.wedohalal.com/products/Beef-Spleen-275.webp,134-01,126-01,210-01,
208,Beef Soup,Meat,Beef,208-01,277.0,"Frozen, Skinless, With Bone, Medium, Westgate Halal",Frozen,Skinless,With Bone,Medium,,Westgate Halal,6.49,15.0,7.46,per lb,2.0,16.45,per kg,retail per-lb price converted to per-kg (x 2.20462),,10.0,kg,"Whole / do not cut, Cut to small pieces, Cut to large pieces, Debone (remove bone), Trim excess fat, Other (please specify below)",1.0,0.454,instock,1.0,https://images.wedohalal.com/products/Beef-Soup-Number-5-277.webp,145-01,78-01,66-01,
210,Lamb Intestine,Meat,Lamb,210-01,279.0,"Frozen, Skinless, Boneless, Medium, Westgate Halal",Frozen,Skinless,Boneless,Medium,,Westgate Halal,15.59,15.0,17.93,per lb,1.0,39.53,per kg,retail per-lb price converted to per-kg (x 2.20462),,5.0,kg,"Whole / do not cut, Cut to small pieces, Cut to large pieces, Trim excess fat, Other (please specify below)",1.0,0.454,instock,1.0,https://images.wedohalal.com/products/Lamb-Intestine-279.webp,25-01,336-02,338-01,
210,Lamb Intestine,Meat,Lamb,210-02,430.0,"Frozen, Skinless, Boneless, Medium, Karim Meats",Frozen,Skinless,Boneless,Medium,,Karim Meats,6.99,10.0,7.69,per lb,1.0,16.95,per kg,retail per-lb price converted to per-kg (x 2.20462),,5.0,kg,"Whole / do not cut, Cut to small pieces, Cut to large pieces, Trim excess fat, Other (please specify below)",1.0,0.454,instock,1.0,https://images.wedohalal.com/products/Lamb-Intestine-430.webp,25-01,336-02,338-01,
213,Lamb Feet (Trotters),Meat,Lamb,213-01,283.0,"Frozen, With Skin, With Bone, Low, Westgate Halal",Frozen,With Skin,With Bone,Low,,Westgate Halal,6.49,15.0,7.46,per lb,1.0,16.45,per kg,retail per-lb price converted to per-kg (x 2.20462),,5.0,kg,"Whole / do not cut, Cut to small pieces, Cut to large pieces, Remove skin, Debone (remove bone), Other (please specify below)",1.0,0.454,instock,1.0,https://images.wedohalal.com/products/Lamb-Feet-283.webp,71-01,73-01,69-01,
213,Lamb Feet (Trotters),Meat,Lamb,213-02,433.0,"Frozen, With Skin, With Bone, Low, Karim Meats",Frozen,With Skin,With Bone,Low,,Karim Meats,7.99,10.0,8.79,per lb,1.0,19.38,per kg,retail per-lb price converted to per-kg (x 2.20462),,5.0,kg,"Whole / do not cut, Cut to small pieces, Cut to large pieces, Remove skin, Debone (remove bone), Other (please specify below)",1.0,0.454,instock,1.0,https://images.wedohalal.com/products/Lamb-Feet-(Burnt-Skin)-433.webp,71-01,73-01,69-01,
213,Lamb Feet (Trotters),Meat,Lamb,213-03,434.0,"Frozen, Skinless, With Bone, Low, Karim Meats",Frozen,Skinless,With Bone,Low,,Karim Meats,6.99,10.0,7.69,per lb,1.0,16.95,per kg,retail per-lb price converted to per-kg (x 2.20462),,5.0,kg,"Whole / do not cut, Cut to small pieces, Cut to large pieces, Remove skin, Debone (remove bone), Other (please specify below)",1.0,0.454,instock,1.0,https://images.wedohalal.com/products/Lamb-Feet-(Washed)-434.webp,71-02,73-01,69-01,
250,Beef Tenderloin,Meat,Beef,250-01,153.0,"Fresh, Skinless, Boneless, Medium, Westgate Halal",Fresh,Skinless,Boneless,Medium,,Westgate Halal,19.99,15.0,22.99,per lb,2.0,50.68,per kg,retail per-lb price converted to per-kg (x 2.20462),,5.0,kg,"Whole / do not cut, Cut to small pieces, Cut to large pieces, Trim excess fat, Other (please specify below)",1.0,0.454,instock,1.0,https://images.wedohalal.com/products/Petite-Tenderloin-For-BBQ-153.webp,861-01,201-01,163-01,
250,Beef Tenderloin,Meat,Beef,250-02,1029.0,"Fresh, Skinless, Boneless, Low, Westgate Halal",Fresh,Skinless,Boneless,Low,,Westgate Halal,25.99,15.0,29.89,per lb,4.0,65.9,per kg,retail per-lb price converted to per-kg (x 2.20462),,5.0,kg,"Whole / do not cut, Cut to small pieces, Cut to large pieces, Trim excess fat, Other (please specify below)",1.0,0.454,instock,1.0,https://images.wedohalal.com/products/Tenderloin-1029.webp,861-01,201-01,163-01,
250,Beef Tenderloin,Meat,Beef,250-03,1028.0,"Fresh, Skinless, Boneless, Low, Westgate Halal",Fresh,Skinless,Boneless,Low,,Westgate Halal,25.99,15.0,29.89,per lb,1.0,65.9,per kg,retail per-lb price converted to per-kg (x 2.20462),,5.0,kg,"Whole / do not cut, Cut to small pieces, Cut to large pieces, Trim excess fat, Other (please specify below)",1.0,0.454,instock,1.0,https://images.wedohalal.com/products/Tenderloin-Steak-1028.webp,861-01,201-01,163-01,
251,Beef Sujuk,Meat,Beef,251-01,330.0,"Fresh, Skinless, Boneless, Medium, Westgate Halal",Fresh,Skinless,Boneless,Medium,,Westgate Halal,16.89,15.0,19.42,per lb,1.0,42.81,per kg,retail per-lb price converted to per-kg (x 2.20462),,10.0,kg,"Whole / do not cut, Cut to small pieces, Cut to large pieces, Trim excess fat, Other (please specify below)",1.0,0.454,instock,1.0,https://images.wedohalal.com/products/Skandarni-Sujuk-330.webp,862-01,157-01,176-01,
252,Beef Shoulder,Meat,Beef,252-01,335.0,"Frozen, Skinless, With Bone, Medium, Westgate Halal",Frozen,Skinless,With Bone,Medium,,Westgate Halal,9.09,15.0,10.45,per lb,4.0,23.04,per kg,retail per-lb price converted to per-kg (x 2.20462),,10.0,kg,"Whole / do not cut, Cut to small pieces, Cut to large pieces, Debone (remove bone), Trim excess fat, Other (please specify below)",1.0,0.454,instock,1.0,https://images.wedohalal.com/products/Frozen-Square-Cut-Shoulders-335.webp,43-01,169-01,123-01,
333,Lamb Shoulder Chops,Meat,Lamb,333-01,143.0,"Fresh, Skinless, With Bone, Medium, Westgate Halal",Fresh,Skinless,With Bone,Medium,,Westgate Halal,16.99,15.0,19.54,per lb,1.0,43.08,per kg,retail per-lb price converted to per-kg (x 2.20462),,5.0,kg,"Whole / do not cut, Cut to small pieces, Cut to large pieces, Debone (remove bone), Trim excess fat, Other (please specify below)",1.0,0.454,instock,1.0,https://images.wedohalal.com/products/Lamb-Shoulder-Chops-143.webp,43-03,93-01,165-01,
333,Lamb Shoulder Chops,Meat,Lamb,333-02,1051.0,"Frozen, Skinless, With Bone, Medium, Karim Meats",Frozen,Skinless,With Bone,Medium,,Karim Meats,14.59,15.0,16.78,per lb,1.0,36.99,per kg,retail per-lb price converted to per-kg (x 2.20462),,5.0,kg,"Whole / do not cut, Cut to small pieces, Cut to large pieces, Debone (remove bone), Trim excess fat, Other (please specify below)",1.0,0.454,instock,1.0,https://images.wedohalal.com/products/Lamb-Shoulder-Chops-1051.webp,43-01,93-03,165-03,
334,Lamb Spleen,Meat,Lamb,334-01,1024.0,"Fresh, Skinless, Boneless, Low, Westgate Halal",Fresh,Skinless,Boneless,Low,,Westgate Halal,5.99,15.0,6.89,per lb,1.0,15.19,per kg,retail per-lb price converted to per-kg (x 2.20462),,5.0,kg,"Whole / do not cut, Cut to small pieces, Cut to large pieces, Other (please specify below)",1.0,0.454,instock,1.0,https://images.wedohalal.com/products/Lamb-Spleen-1024.webp,339-01,107-01,110-01,
335,Lamb Stew,Meat,Lamb,335-01,233.0,"Fresh, Skinless, With Bone, Medium, Westgate Halal",Fresh,Skinless,With Bone,Medium,,Westgate Halal,14.99,15.0,17.24,per lb,1.0,38.01,per kg,retail per-lb price converted to per-kg (x 2.20462),,5.0,kg,"Whole / do not cut, Cut to small pieces, Cut to large pieces, Debone (remove bone), Trim excess fat, Other (please specify below)",1.0,0.454,instock,1.0,https://images.wedohalal.com/products/Lamb-Stew-233.webp,54-02,131-01,199-01,
336,Lamb Stomach (Tripe),Meat,Lamb,336-01,113.0,"Fresh, Skinless, Boneless, Low, Westgate Halal",Fresh,Skinless,Boneless,Low,,Westgate Halal,9.99,15.0,11.49,per lb,1.0,25.33,per kg,retail per-lb price converted to per-kg (x 2.20462),,5.0,kg,"Whole / do not cut, Cut to small pieces, Cut to large pieces, Other (please specify below)",1.0,0.454,instock,1.0,https://images.wedohalal.com/products/Lamb-Stomach-113.webp,210-01,23-01,115-01,
336,Lamb Stomach (Tripe),Meat,Lamb,336-02,429.0,"Frozen, Skinless, Boneless, Low, Karim Meats",Frozen,Skinless,Boneless,Low,,Karim Meats,5.99,10.0,6.59,per lb,1.0,14.53,per kg,retail per-lb price converted to per-kg (x 2.20462),,5.0,kg,"Whole / do not cut, Cut to small pieces, Cut to large pieces, Other (please specify below)",1.0,0.454,instock,1.0,https://images.wedohalal.com/products/Lamb-Stomach-429.webp,210-01,23-01,115-01,
337,Lamb Sweat Bread,Meat,Lamb,337-01,1025.0,"Fresh, Skinless, Boneless, Medium, Westgate Halal",Fresh,Skinless,Boneless,Medium,,Westgate Halal,7.99,15.0,9.19,per lb,1.0,20.26,per kg,retail per-lb price converted to per-kg (x 2.20462),,5.0,kg,"Whole / do not cut, Cut to small pieces, Cut to large pieces, Trim excess fat, Other (please specify below)",1.0,0.454,instock,1.0,https://images.wedohalal.com/products/Lamb-Sweat-Bread-1025.webp,339-01,93-01,117-01,
338,Lamb Testicle,Meat,Lamb,338-01,117.0,"Fresh, Skinless, Boneless, Low, Westgate Halal",Fresh,Skinless,Boneless,Low,,Westgate Halal,11.99,15.0,13.79,per lb,1.0,30.4,per kg,retail per-lb price converted to per-kg (x 2.20462),,5.0,kg,"Whole / do not cut, Cut to small pieces, Cut to large pieces, Other (please specify below)",1.0,0.454,instock,1.0,https://images.wedohalal.com/products/Lamb-Testicle-117.webp,10-01,115-01,336-01,
338,Lamb Testicle,Meat,Lamb,338-02,423.0,"Fresh, Skinless, Boneless, Low, Karim Meats",Fresh,Skinless,Boneless,Low,,Karim Meats,5.99,10.0,6.59,per lb,1.0,14.53,per kg,retail per-lb price converted to per-kg (x 2.20462),,5.0,kg,"Whole / do not cut, Cut to small pieces, Cut to large pieces, Other (please specify below)",1.0,0.454,instock,1.0,https://images.wedohalal.com/products/Lamb-Testicles-423.webp,10-01,115-01,336-01,
339,Lamb Tongue,Meat,Lamb,339-01,1023.0,"Fresh, Skinless, Boneless, Medium, Westgate Halal",Fresh,Skinless,Boneless,Medium,,Westgate Halal,16.99,15.0,19.54,per lb,1.0,43.08,per kg,retail per-lb price converted to per-kg (x 2.20462),,5.0,kg,"Whole / do not cut, Sliced, Other (please specify below)",1.0,0.454,instock,1.0,https://images.wedohalal.com/products/Lamb-Tounge-1023.webp,52-03,103-01,338-01,
340,Lamb RibChopLoin,Meat,Lamb,340-01,428.0,"Frozen, Skinless, With Bone, High, Karim Meats",Frozen,Skinless,With Bone,High,,Karim Meats,14.99,10.0,16.49,per lb,1.0,36.35,per kg,retail per-lb price converted to per-kg (x 2.20462),,5.0,kg,"Whole / do not cut, Cut to small pieces, Cut to large pieces, Full rack, Half rack, Debone (remove bone), Trim excess fat, Other (please specify below)",1.0,0.454,instock,1.0,"https://images.wedohalal.com/products/Lamb-Ribs,-Chops-&-Loin-428.webp",20-01,45-01,84-01,
341,Lamb Mixed,Meat,Lamb,341-01,431.0,"Frozen, Skinless, With Bone, Medium, Karim Meats",Frozen,Skinless,With Bone,Medium,,Karim Meats,13.99,10.0,15.39,per lb,1.0,33.93,per kg,retail per-lb price converted to per-kg (x 2.20462),,5.0,kg,"Whole / do not cut, Cut to small pieces, Cut to large pieces, Debone (remove bone), Trim excess fat, Other (please specify below)",1.0,0.454,instock,1.0,https://images.wedohalal.com/products/Lamb-Mixed-Plate-(Edmonton)-431.webp,26-01,17-02,340-01,
342,Goat Shoulder,Meat,Goat,342-01,435.0,"Frozen, Skinless, With Bone, Medium, New Zealand, Karim Meats",Frozen,Skinless,With Bone,Medium,New Zealand,Karim Meats,7.99,10.0,8.79,per lb,3.0,19.38,per kg,retail per-lb price converted to per-kg (x 2.20462),,10.0,kg,"Whole / do not cut, Cut to small pieces, Cut to large pieces, Debone (remove bone), Trim excess fat, Other (please specify below)",1.0,0.454,instock,1.0,https://images.wedohalal.com/products/Goat-Shoulder-New-Zealand-435.webp,43-01,7-02,45-01,
343,Goat Brain,Meat,Goat,343-01,437.0,"Frozen, Skinless, Boneless, High, Karim Meats",Frozen,Skinless,Boneless,High,,Karim Meats,13.99,10.0,15.39,per lb,1.0,33.93,per kg,retail per-lb price converted to per-kg (x 2.20462),,5.0,kg,"Whole / do not cut, Sliced, Other (please specify below)",1.0,0.454,instock,1.0,https://images.wedohalal.com/products/Goat/Lamb-Brain-Mixed-(40-pieces)-437.webp,47-01,12-02,71-02,
344,Goat Fat,Meat,Goat,344-01,438.0,"Frozen, Skinless, Boneless, High, Karim Meats",Frozen,Skinless,Boneless,High,,Karim Meats,5.99,10.0,6.59,per lb,1.0,14.53,per kg,retail per-lb price converted to per-kg (x 2.20462),,5.0,kg,"Whole / do not cut, Cut to small pieces, Cut to large pieces, Trim excess fat, Other (please specify below)",1.0,0.454,instock,1.0,https://images.wedohalal.com/products/Goat-Fat-438.webp,49-01,864-01,345-01,
345,Goat Shank,Meat,Goat,345-01,440.0,"Frozen, Skinless, With Bone, Medium, Karim Meats",Frozen,Skinless,With Bone,Medium,,Karim Meats,12.99,10.0,14.29,per lb,1.0,31.5,per kg,retail per-lb price converted to per-kg (x 2.20462),,5.0,kg,"Whole / do not cut, Cut to small pieces, Cut to large pieces, Frenched, Debone (remove bone), Trim excess fat, Other (please specify below)",1.0,0.454,instock,1.0,https://images.wedohalal.com/products/Goat-Shank-440.webp,54-01,342-01,20-01,
860,Ground Lamb,Meat,Lamb,860-01,213.0,"Fresh, Skinless, Boneless, Medium, Westgate Halal",Fresh,Skinless,Boneless,Medium,,Westgate Halal,9.09,15.0,10.45,per lb,1.0,23.04,per kg,retail per-lb price converted to per-kg (x 2.20462),,5.0,kg,"Regular grind, Fine grind, Coarse grind, Other (please specify below)",1.0,0.454,instock,1.0,https://images.wedohalal.com/products/Mixed-Beef-And-Lamb-Ground-213.webp,203-01,17-04,18-01,
860,Ground Lamb,Meat,Lamb,860-02,1045.0,"Fresh, Skinless, Boneless, Medium, Karim Meats",Fresh,Skinless,Boneless,Medium,,Karim Meats,9.99,10.0,10.99,per lb,1.0,24.23,per kg,retail per-lb price converted to per-kg (x 2.20462),,5.0,kg,"Regular grind, Fine grind, Coarse grind, Other (please specify below)",1.0,0.454,instock,1.0,https://images.wedohalal.com/products/Mixed-Beef-And-Lamb-Ground-1045.webp,203-01,17-04,18-01,
861,Beef Striploin,Meat,Beef,861-01,237.0,"Fresh, Skinless, Boneless, Medium, Westgate Halal",Fresh,Skinless,Boneless,Medium,,Westgate Halal,19.49,15.0,22.41,per lb,1.0,49.41,per kg,retail per-lb price converted to per-kg (x 2.20462),,10.0,kg,"Whole / do not cut, Cut to small pieces, Cut to large pieces, Trim excess fat, Other (please specify below)",1.0,0.454,instock,1.0,https://images.wedohalal.com/products/Striploin-237.webp,201-01,82-01,250-01,
862,Lamb Sujuk,Meat,Lamb,862-01,165.0,"Fresh, Skinless, Boneless, Medium, Westgate Halal",Fresh,Skinless,Boneless,Medium,,Westgate Halal,16.89,15.0,19.42,per lb,1.0,42.81,per kg,retail per-lb price converted to per-kg (x 2.20462),,5.0,kg,"Whole / do not cut, Cut to small pieces, Cut to large pieces, Trim excess fat, Other (please specify below)",1.0,0.454,instock,1.0,https://images.wedohalal.com/products/Skandarni-Sujuk-165.webp,251-01,863-01,157-01,
863,Lamb Sausage,Meat,Lamb,863-01,167.0,"Fresh, Skinless, Boneless, Medium, Westgate Halal",Fresh,Skinless,Boneless,Medium,,Westgate Halal,15.59,15.0,17.93,per lb,1.0,39.53,per kg,retail per-lb price converted to per-kg (x 2.20462),,5.0,kg,"Whole / do not cut, Cut to small pieces, Cut to large pieces, Trim excess fat, Other (please specify below)",1.0,0.454,instock,1.0,https://images.wedohalal.com/products/Tunisian-Merguez-Sausage-167.webp,157-01,862-01,203-01,
864,Beef Fat,Meat,Beef,864-01,1033.0,"Frozen, Skinless, Boneless, High, Karim Meats",Frozen,Skinless,Boneless,High,,Karim Meats,5.99,10.0,6.59,per lb,1.0,14.53,per kg,retail per-lb price converted to per-kg (x 2.20462),,10.0,kg,"Whole / do not cut, Cut to small pieces, Cut to large pieces, Trim excess fat, Other (please specify below)",1.0,0.454,instock,1.0,https://images.wedohalal.com/products/Beef-Fat-1033.webp,49-01,344-01,145-01,

